Experiment name:,NeuLog experiment
Duration:, 2 0
Rate:, 50 per second
Sensors:, Pulse (ID 1  Exp 1)
Range:, Wave
Units:, Arb
Time
'0:0:0.0,277
'0:0:0.02,263
'0:0:0.04,244
'0:0:0.06,235
'0:0:0.08,235
'0:0:0.1,242
'0:0:0.12,265
'0:0:0.14,297
'0:0:0.16,321
'0:0:0.18,333
'0:0:0.2,335
'0:0:0.22,329
'0:0:0.24,316
'0:0:0.26,305
'0:0:0.28,295
'0:0:0.3,282
'0:0:0.32,272
'0:0:0.34,265
'0:0:0.36,259
'0:0:0.38,241
'0:0:0.4,213
'0:0:0.42,183
'0:0:0.44,169
'0:0:0.46,166
'0:0:0.48,164
'0:0:0.5,169
'0:0:0.52,192
'0:0:0.54,239
'0:0:0.56,309
'0:0:0.58,399
'0:0:0.6,496
'0:0:0.62,567
'0:0:0.64,594
'0:0:0.66,582
'0:0:0.68,559
'0:0:0.7,544
'0:0:0.72,538
'0:0:0.74,547
'0:0:0.76,564
'0:0:0.78,585
'0:0:0.8,615
'0:0:0.82,638
'0:0:0.84,650
'0:0:0.86,631
'0:0:0.88,581
'0:0:0.9,512
'0:0:0.92,425
'0:0:0.94,330
'0:0:0.96,230
'0:0:0.98,136
'0:0:1.0,50
'0:0:1.02,0
'0:0:1.04,0
'0:0:1.06,0
'0:0:1.08,0
'0:0:1.1,0
'0:0:1.12,0
'0:0:1.14,0
'0:0:1.16,0
'0:0:1.18,1
'0:0:1.2,17
'0:0:1.22,52
'0:0:1.24,95
'0:0:1.26,135
'0:0:1.28,168
'0:0:1.3,197
'0:0:1.32,225
'0:0:1.34,256
'0:0:1.36,282
'0:0:1.38,305
'0:0:1.4,322
'0:0:1.42,343
'0:0:1.44,373
'0:0:1.46,402
'0:0:1.48,424
'0:0:1.5,427
'0:0:1.52,415
'0:0:1.54,396
'0:0:1.56,372
'0:0:1.58,352
'0:0:1.6,336
'0:0:1.62,324
'0:0:1.64,311
'0:0:1.66,292
'0:0:1.68,277
'0:0:1.7,264
'0:0:1.72,256
'0:0:1.74,255
'0:0:1.76,257
'0:0:1.78,263
'0:0:1.8,269
'0:0:1.82,268
'0:0:1.84,264
'0:0:1.86,255
'0:0:1.88,246
'0:0:1.9,230
'0:0:1.92,210
'0:0:1.94,192
'0:0:1.96,179
'0:0:1.98,184
'0:0:2.0,200
'0:0:2.02,220
'0:0:2.04,255
'0:0:2.06,317
'0:0:2.08,404
'0:0:2.1,481
'0:0:2.12,538
'0:0:2.14,583
'0:0:2.16,621
'0:0:2.18,659
'0:0:2.2,691
'0:0:2.22,714
'0:0:2.24,727
'0:0:2.26,710
'0:0:2.28,642
'0:0:2.3,528
'0:0:2.32,391
'0:0:2.34,266
'0:0:2.36,172
'0:0:2.38,105
'0:0:2.4,45
'0:0:2.42,0
'0:0:2.44,0
'0:0:2.46,0
'0:0:2.48,0
'0:0:2.5,0
'0:0:2.52,0
'0:0:2.54,0
'0:0:2.56,0
'0:0:2.58,0
'0:0:2.6,0
'0:0:2.62,20
'0:0:2.64,124
'0:0:2.66,258
'0:0:2.68,386
'0:0:2.7,480
'0:0:2.72,536
'0:0:2.74,546
'0:0:2.76,507
'0:0:2.78,443
'0:0:2.8,372
'0:0:2.82,298
'0:0:2.84,235
'0:0:2.86,192
'0:0:2.88,171
'0:0:2.9,167
'0:0:2.92,179
'0:0:2.94,208
'0:0:2.96,242
'0:0:2.98,282
'0:0:3.0,322
'0:0:3.02,358
'0:0:3.04,377
'0:0:3.06,351
'0:0:3.08,281
'0:0:3.1,209
'0:0:3.12,160
'0:0:3.14,110
'0:0:3.16,23
'0:0:3.18,0
'0:0:3.2,0
'0:0:3.22,0
'0:0:3.24,1
'0:0:3.26,32
'0:0:3.28,101
'0:0:3.3,187
'0:0:3.32,278
'0:0:3.34,368
'0:0:3.36,448
'0:0:3.38,533
'0:0:3.4,628
'0:0:3.42,721
'0:0:3.44,805
'0:0:3.46,873
'0:0:3.48,927
'0:0:3.5,956
'0:0:3.52,953
'0:0:3.54,920
'0:0:3.56,858
'0:0:3.58,785
'0:0:3.6,704
'0:0:3.62,615
'0:0:3.64,530
'0:0:3.66,455
'0:0:3.68,398
'0:0:3.7,364
'0:0:3.72,345
'0:0:3.74,337
'0:0:3.76,326
'0:0:3.78,309
'0:0:3.8,301
'0:0:3.82,304
'0:0:3.84,318
'0:0:3.86,325
'0:0:3.88,323
'0:0:3.9,320
'0:0:3.92,315
'0:0:3.94,317
'0:0:3.96,319
'0:0:3.98,323
'0:0:4.0,328
'0:0:4.02,329
'0:0:4.04,330
'0:0:4.06,326
'0:0:4.08,325
'0:0:4.1,330
'0:0:4.12,337
'0:0:4.14,349
'0:0:4.16,351
'0:0:4.18,345
'0:0:4.2,334
'0:0:4.22,322
'0:0:4.24,318
'0:0:4.26,315
'0:0:4.28,309
'0:0:4.3,301
'0:0:4.32,289
'0:0:4.34,283
'0:0:4.36,277
'0:0:4.38,277
'0:0:4.4,291
'0:0:4.42,314
'0:0:4.44,344
'0:0:4.46,363
'0:0:4.48,370
'0:0:4.5,368
'0:0:4.52,355
'0:0:4.54,341
'0:0:4.56,326
'0:0:4.58,314
'0:0:4.6,307
'0:0:4.62,299
'0:0:4.64,294
'0:0:4.66,290
'0:0:4.68,287
'0:0:4.7,289
'0:0:4.72,292
'0:0:4.74,299
'0:0:4.76,306
'0:0:4.78,311
'0:0:4.8,320
'0:0:4.82,324
'0:0:4.84,324
'0:0:4.86,326
'0:0:4.88,325
'0:0:4.9,327
'0:0:4.92,330
'0:0:4.94,334
'0:0:4.96,338
'0:0:4.98,341
'0:0:5.0,344
'0:0:5.02,351
'0:0:5.04,370
'0:0:5.06,396
'0:0:5.08,415
'0:0:5.1,423
'0:0:5.12,420
'0:0:5.14,408
'0:0:5.16,393
'0:0:5.18,376
'0:0:5.2,359
'0:0:5.22,345
'0:0:5.24,334
'0:0:5.26,324
'0:0:5.28,316
'0:0:5.3,311
'0:0:5.32,309
'0:0:5.34,309
'0:0:5.36,311
'0:0:5.38,315
'0:0:5.4,318
'0:0:5.42,320
'0:0:5.44,320
'0:0:5.46,319
'0:0:5.48,318
'0:0:5.5,316
'0:0:5.52,313
'0:0:5.54,312
'0:0:5.56,312
'0:0:5.58,313
'0:0:5.6,313
'0:0:5.62,312
'0:0:5.64,313
'0:0:5.66,314
'0:0:5.68,314
'0:0:5.7,318
'0:0:5.72,337
'0:0:5.74,366
'0:0:5.76,394
'0:0:5.78,408
'0:0:5.8,413
'0:0:5.82,409
'0:0:5.84,396
'0:0:5.86,378
'0:0:5.88,360
'0:0:5.9,344
'0:0:5.92,331
'0:0:5.94,322
'0:0:5.96,314
'0:0:5.98,310
'0:0:6.0,308
'0:0:6.02,310
'0:0:6.04,314
'0:0:6.06,319
'0:0:6.08,324
'0:0:6.1,327
'0:0:6.12,326
'0:0:6.14,329
'0:0:6.16,326
'0:0:6.18,326
'0:0:6.2,325
'0:0:6.22,322
'0:0:6.24,319
'0:0:6.26,317
'0:0:6.28,317
'0:0:6.3,315
'0:0:6.32,313
'0:0:6.34,313
'0:0:6.36,312
'0:0:6.38,313
'0:0:6.4,316
'0:0:6.42,329
'0:0:6.44,356
'0:0:6.46,384
'0:0:6.48,406
'0:0:6.5,414
'0:0:6.52,407
'0:0:6.54,394
'0:0:6.56,376
'0:0:6.58,360
'0:0:6.6,343
'0:0:6.62,329
'0:0:6.64,317
'0:0:6.66,308
'0:0:6.68,304
'0:0:6.7,304
'0:0:6.72,305
'0:0:6.74,310
'0:0:6.76,315
'0:0:6.78,319
'0:0:6.8,325
'0:0:6.82,328
'0:0:6.84,330
'0:0:6.86,329
'0:0:6.88,327
'0:0:6.9,324
'0:0:6.92,319
'0:0:6.94,316
'0:0:6.96,313
'0:0:6.98,315
'0:0:7.0,316
'0:0:7.02,316
'0:0:7.04,316
'0:0:7.06,315
'0:0:7.08,317
'0:0:7.1,327
'0:0:7.12,349
'0:0:7.14,378
'0:0:7.16,400
'0:0:7.18,414
'0:0:7.2,413
'0:0:7.22,402
'0:0:7.24,386
'0:0:7.26,366
'0:0:7.28,348
'0:0:7.3,332
'0:0:7.32,319
'0:0:7.34,310
'0:0:7.36,303
'0:0:7.38,301
'0:0:7.4,301
'0:0:7.42,306
'0:0:7.44,314
'0:0:7.46,320
'0:0:7.48,326
'0:0:7.5,327
'0:0:7.52,326
'0:0:7.54,325
'0:0:7.56,320
'0:0:7.58,319
'0:0:7.6,317
'0:0:7.62,315
'0:0:7.64,314
'0:0:7.66,313
'0:0:7.68,313
'0:0:7.7,312
'0:0:7.72,311
'0:0:7.74,311
'0:0:7.76,308
'0:0:7.78,307
'0:0:7.8,314
'0:0:7.82,335
'0:0:7.84,366
'0:0:7.86,392
'0:0:7.88,408
'0:0:7.9,411
'0:0:7.92,403
'0:0:7.94,390
'0:0:7.96,371
'0:0:7.98,354
'0:0:8.0,335
'0:0:8.02,322
'0:0:8.04,311
'0:0:8.06,301
'0:0:8.08,298
'0:0:8.1,297
'0:0:8.12,300
'0:0:8.14,307
'0:0:8.16,313
'0:0:8.18,320
'0:0:8.2,324
'0:0:8.22,324
'0:0:8.24,324
'0:0:8.26,322
'0:0:8.28,320
'0:0:8.3,319
'0:0:8.32,318
'0:0:8.34,317
'0:0:8.36,316
'0:0:8.38,316
'0:0:8.4,316
'0:0:8.42,317
'0:0:8.44,319
'0:0:8.46,319
'0:0:8.48,322
'0:0:8.5,336
'0:0:8.52,362
'0:0:8.54,389
'0:0:8.56,406
'0:0:8.58,412
'0:0:8.6,408
'0:0:8.62,396
'0:0:8.64,378
'0:0:8.66,359
'0:0:8.68,341
'0:0:8.7,330
'0:0:8.72,318
'0:0:8.74,310
'0:0:8.76,304
'0:0:8.78,300
'0:0:8.8,304
'0:0:8.82,311
'0:0:8.84,318
'0:0:8.86,324
'0:0:8.88,328
'0:0:8.9,330
'0:0:8.92,329
'0:0:8.94,328
'0:0:8.96,327
'0:0:8.98,324
'0:0:9.0,323
'0:0:9.02,320
'0:0:9.04,319
'0:0:9.06,317
'0:0:9.08,316
'0:0:9.1,316
'0:0:9.12,315
'0:0:9.14,319
'0:0:9.16,333
'0:0:9.18,358
'0:0:9.2,386
'0:0:9.22,401
'0:0:9.24,407
'0:0:9.26,400
'0:0:9.28,387
'0:0:9.3,372
'0:0:9.32,352
'0:0:9.34,337
'0:0:9.36,321
'0:0:9.38,311
'0:0:9.4,306
'0:0:9.42,301
'0:0:9.44,304
'0:0:9.46,307
'0:0:9.48,314
'0:0:9.5,322
'0:0:9.52,326
'0:0:9.54,331
'0:0:9.56,332
'0:0:9.58,332
'0:0:9.6,332
'0:0:9.62,329
'0:0:9.64,327
'0:0:9.66,323
'0:0:9.68,321
'0:0:9.7,320
'0:0:9.72,319
'0:0:9.74,318
'0:0:9.76,316
'0:0:9.78,317
'0:0:9.8,331
'0:0:9.82,357
'0:0:9.84,386
'0:0:9.86,402
'0:0:9.88,411
'0:0:9.9,406
'0:0:9.92,393
'0:0:9.94,377
'0:0:9.96,356
'0:0:9.98,343
'0:0:10.0,327
'0:0:10.02,317
'0:0:10.04,309
'0:0:10.06,305
'0:0:10.08,305
'0:0:10.1,307
'0:0:10.12,312
'0:0:10.14,319
'0:0:10.16,324
'0:0:10.18,330
'0:0:10.2,331
'0:0:10.22,331
'0:0:10.24,329
'0:0:10.26,326
'0:0:10.28,323
'0:0:10.3,320
'0:0:10.32,318
'0:0:10.34,318
'0:0:10.36,317
'0:0:10.38,317
'0:0:10.4,317
'0:0:10.42,319
'0:0:10.44,332
'0:0:10.46,357
'0:0:10.48,384
'0:0:10.5,403
'0:0:10.52,410
'0:0:10.54,406
'0:0:10.56,394
'0:0:10.58,379
'0:0:10.6,364
'0:0:10.62,348
'0:0:10.64,336
'0:0:10.66,324
'0:0:10.68,316
'0:0:10.7,313
'0:0:10.72,310
'0:0:10.74,312
'0:0:10.76,313
'0:0:10.78,315
'0:0:10.8,322
'0:0:10.82,325
'0:0:10.84,330
'0:0:10.86,328
'0:0:10.88,328
'0:0:10.9,327
'0:0:10.92,326
'0:0:10.94,325
'0:0:10.96,321
'0:0:10.98,322
'0:0:11.0,321
'0:0:11.02,320
'0:0:11.04,319
'0:0:11.06,318
'0:0:11.08,327
'0:0:11.1,347
'0:0:11.12,375
'0:0:11.14,399
'0:0:11.16,411
'0:0:11.18,412
'0:0:11.2,401
'0:0:11.22,386
'0:0:11.24,368
'0:0:11.26,353
'0:0:11.28,342
'0:0:11.3,331
'0:0:11.32,324
'0:0:11.34,319
'0:0:11.36,316
'0:0:11.38,318
'0:0:11.4,321
'0:0:11.42,325
'0:0:11.44,328
'0:0:11.46,331
'0:0:11.48,335
'0:0:11.5,334
'0:0:11.52,334
'0:0:11.54,331
'0:0:11.56,330
'0:0:11.58,328
'0:0:11.6,324
'0:0:11.62,323
'0:0:11.64,323
'0:0:11.66,323
'0:0:11.68,324
'0:0:11.7,324
'0:0:11.72,324
'0:0:11.74,323
'0:0:11.76,326
'0:0:11.78,339
'0:0:11.8,367
'0:0:11.82,395
'0:0:11.84,413
'0:0:11.86,417
'0:0:11.88,411
'0:0:11.9,397
'0:0:11.92,379
'0:0:11.94,364
'0:0:11.96,350
'0:0:11.98,341
'0:0:12.0,334
'0:0:12.02,330
'0:0:12.04,329
'0:0:12.06,329
'0:0:12.08,331
'0:0:12.1,334
'0:0:12.12,337
'0:0:12.14,340
'0:0:12.16,341
'0:0:12.18,343
'0:0:12.2,341
'0:0:12.22,339
'0:0:12.24,335
'0:0:12.26,332
'0:0:12.28,331
'0:0:12.3,326
'0:0:12.32,325
'0:0:12.34,321
'0:0:12.36,318
'0:0:12.38,318
'0:0:12.4,314
'0:0:12.42,314
'0:0:12.44,313
'0:0:12.46,312
'0:0:12.48,314
'0:0:12.5,323
'0:0:12.52,347
'0:0:12.54,377
'0:0:12.56,401
'0:0:12.58,412
'0:0:12.6,409
'0:0:12.62,399
'0:0:12.64,383
'0:0:12.66,369
'0:0:12.68,355
'0:0:12.7,342
'0:0:12.72,332
'0:0:12.74,325
'0:0:12.76,323
'0:0:12.78,321
'0:0:12.8,326
'0:0:12.82,332
'0:0:12.84,337
'0:0:12.86,341
'0:0:12.88,343
'0:0:12.9,344
'0:0:12.92,343
'0:0:12.94,340
'0:0:12.96,336
'0:0:12.98,332
'0:0:13.0,328
'0:0:13.02,325
'0:0:13.04,322
'0:0:13.06,320
'0:0:13.08,318
'0:0:13.1,317
'0:0:13.12,317
'0:0:13.14,319
'0:0:13.16,324
'0:0:13.18,338
'0:0:13.2,363
'0:0:13.22,392
'0:0:13.24,414
'0:0:13.26,425
'0:0:13.28,423
'0:0:13.3,411
'0:0:13.32,397
'0:0:13.34,378
'0:0:13.36,359
'0:0:13.38,345
'0:0:13.4,330
'0:0:13.42,322
'0:0:13.44,314
'0:0:13.46,310
'0:0:13.48,311
'0:0:13.5,309
'0:0:13.52,312
'0:0:13.54,314
'0:0:13.56,316
'0:0:13.58,316
'0:0:13.6,313
'0:0:13.62,312
'0:0:13.64,308
'0:0:13.66,307
'0:0:13.68,304
'0:0:13.7,303
'0:0:13.72,303
'0:0:13.74,302
'0:0:13.76,303
'0:0:13.78,300
'0:0:13.8,299
'0:0:13.82,301
'0:0:13.84,307
'0:0:13.86,327
'0:0:13.88,352
'0:0:13.9,378
'0:0:13.92,395
'0:0:13.94,399
'0:0:13.96,396
'0:0:13.98,384
'0:0:14.0,371
'0:0:14.02,359
'0:0:14.04,347
'0:0:14.06,338
'0:0:14.08,330
'0:0:14.1,327
'0:0:14.12,325
'0:0:14.14,326
'0:0:14.16,328
'0:0:14.18,331
'0:0:14.2,334
'0:0:14.22,337
'0:0:14.24,338
'0:0:14.26,337
'0:0:14.28,336
'0:0:14.3,333
'0:0:14.32,330
'0:0:14.34,328
'0:0:14.36,327
'0:0:14.38,327
'0:0:14.4,327
'0:0:14.42,328
'0:0:14.44,328
'0:0:14.46,330
'0:0:14.48,337
'0:0:14.5,354
'0:0:14.52,379
'0:0:14.54,398
'0:0:14.56,409
'0:0:14.58,409
'0:0:14.6,400
'0:0:14.62,389
'0:0:14.64,375
'0:0:14.66,365
'0:0:14.68,357
'0:0:14.7,351
'0:0:14.72,348
'0:0:14.74,342
'0:0:14.76,340
'0:0:14.78,338
'0:0:14.8,341
'0:0:14.82,347
'0:0:14.84,350
'0:0:14.86,352
'0:0:14.88,350
'0:0:14.9,349
'0:0:14.92,345
'0:0:14.94,340
'0:0:14.96,339
'0:0:14.98,335
'0:0:15.0,333
'0:0:15.02,331
'0:0:15.04,329
'0:0:15.06,330
'0:0:15.08,327
'0:0:15.1,334
'0:0:15.12,350
'0:0:15.14,372
'0:0:15.16,396
'0:0:15.18,405
'0:0:15.2,405
'0:0:15.22,398
'0:0:15.24,386
'0:0:15.26,377
'0:0:15.28,366
'0:0:15.3,356
'0:0:15.32,348
'0:0:15.34,340
'0:0:15.36,336
'0:0:15.38,332
'0:0:15.4,329
'0:0:15.42,330
'0:0:15.44,332
'0:0:15.46,336
'0:0:15.48,337
'0:0:15.5,338
'0:0:15.52,337
'0:0:15.54,337
'0:0:15.56,335
'0:0:15.58,334
'0:0:15.6,332
'0:0:15.62,331
'0:0:15.64,330
'0:0:15.66,329
'0:0:15.68,328
'0:0:15.7,328
'0:0:15.72,327
'0:0:15.74,328
'0:0:15.76,339
'0:0:15.78,358
'0:0:15.8,385
'0:0:15.82,404
'0:0:15.84,411
'0:0:15.86,410
'0:0:15.88,402
'0:0:15.9,391
'0:0:15.92,381
'0:0:15.94,372
'0:0:15.96,364
'0:0:15.98,357
'0:0:16.0,349
'0:0:16.02,343
'0:0:16.04,338
'0:0:16.06,337
'0:0:16.08,336
'0:0:16.1,336
'0:0:16.12,338
'0:0:16.14,338
'0:0:16.16,340
'0:0:16.18,339
'0:0:16.2,339
'0:0:16.22,339
'0:0:16.24,336
'0:0:16.26,335
'0:0:16.28,332
'0:0:16.3,330
'0:0:16.32,328
'0:0:16.34,327
'0:0:16.36,328
'0:0:16.38,327
'0:0:16.4,327
'0:0:16.42,327
'0:0:16.44,327
'0:0:16.46,330
'0:0:16.48,341
'0:0:16.5,367
'0:0:16.52,390
'0:0:16.54,407
'0:0:16.56,414
'0:0:16.58,409
'0:0:16.6,402
'0:0:16.62,390
'0:0:16.64,379
'0:0:16.66,370
'0:0:16.68,361
'0:0:16.7,355
'0:0:16.72,347
'0:0:16.74,341
'0:0:16.76,337
'0:0:16.78,330
'0:0:16.8,331
'0:0:16.82,333
'0:0:16.84,337
'0:0:16.86,339
'0:0:16.88,340
'0:0:16.9,340
'0:0:16.92,338
'0:0:16.94,335
'0:0:16.96,332
'0:0:16.98,329
'0:0:17.0,328
'0:0:17.02,324
'0:0:17.04,324
'0:0:17.06,324
'0:0:17.08,323
'0:0:17.1,324
'0:0:17.12,324
'0:0:17.14,325
'0:0:17.16,326
'0:0:17.18,326
'0:0:17.2,328
'0:0:17.22,341
'0:0:17.24,364
'0:0:17.26,386
'0:0:17.28,401
'0:0:17.3,405
'0:0:17.32,400
'0:0:17.34,389
'0:0:17.36,378
'0:0:17.38,368
'0:0:17.4,359
'0:0:17.42,351
'0:0:17.44,344
'0:0:17.46,339
'0:0:17.48,333
'0:0:17.5,331
'0:0:17.52,330
'0:0:17.54,330
'0:0:17.56,333
'0:0:17.58,334
'0:0:17.6,336
'0:0:17.62,336
'0:0:17.64,333
'0:0:17.66,333
'0:0:17.68,331
'0:0:17.7,329
'0:0:17.72,326
'0:0:17.74,324
'0:0:17.76,324
'0:0:17.78,319
'0:0:17.8,321
'0:0:17.82,320
'0:0:17.84,321
'0:0:17.86,323
'0:0:17.88,320
'0:0:17.9,321
'0:0:17.92,319
'0:0:17.94,318
'0:0:17.96,321
'0:0:17.98,321
'0:0:18.0,335
'0:0:18.02,356
'0:0:18.04,380
'0:0:18.06,396
'0:0:18.08,400
'0:0:18.1,396
'0:0:18.12,385
'0:0:18.14,374
'0:0:18.16,363
'0:0:18.18,353
'0:0:18.2,345
'0:0:18.22,338
'0:0:18.24,334
'0:0:18.26,330
'0:0:18.28,329
'0:0:18.3,329
'0:0:18.32,327
'0:0:18.34,330
'0:0:18.36,331
'0:0:18.38,332
'0:0:18.4,333
'0:0:18.42,332
'0:0:18.44,331
'0:0:18.46,327
'0:0:18.48,325
'0:0:18.5,323
'0:0:18.52,320
'0:0:18.54,322
'0:0:18.56,320
'0:0:18.58,319
'0:0:18.6,319
'0:0:18.62,319
'0:0:18.64,321
'0:0:18.66,320
'0:0:18.68,320
'0:0:18.7,320
'0:0:18.72,319
'0:0:18.74,321
'0:0:18.76,327
'0:0:18.78,341
'0:0:18.8,367
'0:0:18.82,388
'0:0:18.84,399
'0:0:18.86,397
'0:0:18.88,389
'0:0:18.9,379
'0:0:18.92,365
'0:0:18.94,356
'0:0:18.96,347
'0:0:18.98,340
'0:0:19.0,335
'0:0:19.02,331
'0:0:19.04,328
'0:0:19.06,327
'0:0:19.08,328
'0:0:19.1,329
'0:0:19.12,332
'0:0:19.14,335
'0:0:19.16,336
'0:0:19.18,335
'0:0:19.2,334
'0:0:19.22,332
'0:0:19.24,330
'0:0:19.26,329
'0:0:19.28,327
'0:0:19.3,326
'0:0:19.32,325
'0:0:19.34,326
'0:0:19.36,327
'0:0:19.38,325
'0:0:19.4,326
'0:0:19.42,325
'0:0:19.44,325
'0:0:19.46,327
'0:0:19.48,335
'0:0:19.5,356
'0:0:19.52,376
'0:0:19.54,393
'0:0:19.56,400
'0:0:19.58,395
'0:0:19.6,388
'0:0:19.62,376
'0:0:19.64,366
'0:0:19.66,356
'0:0:19.68,347
'0:0:19.7,341
'0:0:19.72,334
'0:0:19.74,330
'0:0:19.76,327
'0:0:19.78,323
'0:0:19.8,327
'0:0:19.82,330
'0:0:19.84,335
'0:0:19.86,336
'0:0:19.88,336
'0:0:19.9,334
'0:0:19.92,332
'0:0:19.94,331
'0:0:19.96,327
'0:0:19.98,324
'0:0:20.0,322
'0:0:20.02,320
'0:0:20.04,321
'0:0:20.06,320
'0:0:20.08,320
'0:0:20.1,320
'0:0:20.12,319
'0:0:20.14,322
'0:0:20.16,328
'0:0:20.18,346
'0:0:20.2,368
'0:0:20.22,387
'0:0:20.24,398
'0:0:20.26,395
'0:0:20.28,388
'0:0:20.3,377
'0:0:20.32,365
'0:0:20.34,357
'0:0:20.36,348
'0:0:20.38,342
'0:0:20.4,335
'0:0:20.42,330
'0:0:20.44,327
'0:0:20.46,324
'0:0:20.48,325
'0:0:20.5,327
'0:0:20.52,329
'0:0:20.54,331
'0:0:20.56,330
'0:0:20.58,329
'0:0:20.6,327
'0:0:20.62,326
'0:0:20.64,324
'0:0:20.66,321
'0:0:20.68,320
'0:0:20.7,318
'0:0:20.72,318
'0:0:20.74,316
'0:0:20.76,315
'0:0:20.78,312
'0:0:20.8,314
'0:0:20.82,317
'0:0:20.84,320
'0:0:20.86,322
'0:0:20.88,323
'0:0:20.9,330
'0:0:20.92,346
'0:0:20.94,369
'0:0:20.96,390
'0:0:20.98,404
'0:0:21.0,406
'0:0:21.02,400
'0:0:21.04,392
'0:0:21.06,383
'0:0:21.08,375
'0:0:21.1,370
'0:0:21.12,363
'0:0:21.14,358
'0:0:21.16,353
'0:0:21.18,349
'0:0:21.2,348
'0:0:21.22,347
'0:0:21.24,348
'0:0:21.26,347
'0:0:21.28,348
'0:0:21.3,348
'0:0:21.32,347
'0:0:21.34,352
'0:0:21.36,354
'0:0:21.38,354
'0:0:21.4,350
'0:0:21.42,346
'0:0:21.44,345
'0:0:21.46,341
'0:0:21.48,338
'0:0:21.5,336
'0:0:21.52,333
'0:0:21.54,333
'0:0:21.56,330
'0:0:21.58,330
'0:0:21.6,329
'0:0:21.62,331
'0:0:21.64,344
'0:0:21.66,362
'0:0:21.68,379
'0:0:21.7,387
'0:0:21.72,388
'0:0:21.74,385
'0:0:21.76,377
'0:0:21.78,366
'0:0:21.8,359
'0:0:21.82,355
'0:0:21.84,351
'0:0:21.86,345
'0:0:21.88,339
'0:0:21.9,332
'0:0:21.92,328
'0:0:21.94,324
'0:0:21.96,324
'0:0:21.98,324
'0:0:22.0,324
'0:0:22.02,328
'0:0:22.04,328
'0:0:22.06,327
'0:0:22.08,325
'0:0:22.1,324
'0:0:22.12,325
'0:0:22.14,325
'0:0:22.16,322
'0:0:22.18,321
'0:0:22.2,319
'0:0:22.22,318
'0:0:22.24,316
'0:0:22.26,313
'0:0:22.28,313
'0:0:22.3,323
'0:0:22.32,342
'0:0:22.34,361
'0:0:22.36,372
'0:0:22.38,376
'0:0:22.4,372
'0:0:22.42,364
'0:0:22.44,357
'0:0:22.46,346
'0:0:22.48,339
'0:0:22.5,334
'0:0:22.52,329
'0:0:22.54,326
'0:0:22.56,321
'0:0:22.58,319
'0:0:22.6,316
'0:0:22.62,316
'0:0:22.64,318
'0:0:22.66,318
'0:0:22.68,320
'0:0:22.7,319
'0:0:22.72,318
'0:0:22.74,318
'0:0:22.76,315
'0:0:22.78,316
'0:0:22.8,317
'0:0:22.82,319
'0:0:22.84,319
'0:0:22.86,318
'0:0:22.88,318
'0:0:22.9,316
'0:0:22.92,317
'0:0:22.94,317
'0:0:22.96,315
'0:0:22.98,316
'0:0:23.0,315
'0:0:23.02,319
'0:0:23.04,328
'0:0:23.06,349
'0:0:23.08,375
'0:0:23.1,392
'0:0:23.12,402
'0:0:23.14,401
'0:0:23.16,396
'0:0:23.18,388
'0:0:23.2,379
'0:0:23.22,373
'0:0:23.24,366
'0:0:23.26,359
'0:0:23.28,355
'0:0:23.3,349
'0:0:23.32,344
'0:0:23.34,341
'0:0:23.36,341
'0:0:23.38,340
'0:0:23.4,342
'0:0:23.42,344
'0:0:23.44,345
'0:0:23.46,346
'0:0:23.48,346
'0:0:23.5,344
'0:0:23.52,341
'0:0:23.54,337
'0:0:23.56,332
'0:0:23.58,330
'0:0:23.6,328
'0:0:23.62,328
'0:0:23.64,330
'0:0:23.66,329
'0:0:23.68,329
'0:0:23.7,328
'0:0:23.72,328
'0:0:23.74,328
'0:0:23.76,327
'0:0:23.78,326
'0:0:23.8,336
'0:0:23.82,355
'0:0:23.84,373
'0:0:23.86,385
'0:0:23.88,389
'0:0:23.9,384
'0:0:23.92,376
'0:0:23.94,367
'0:0:23.96,357
'0:0:23.98,347
'0:0:24.0,337
'0:0:24.02,330
'0:0:24.04,323
'0:0:24.06,321
'0:0:24.08,319
'0:0:24.1,317
'0:0:24.12,321
'0:0:24.14,323
'0:0:24.16,327
'0:0:24.18,329
'0:0:24.2,330
'0:0:24.22,331
'0:0:24.24,331
'0:0:24.26,332
'0:0:24.28,327
'0:0:24.3,322
'0:0:24.32,318
'0:0:24.34,313
'0:0:24.36,310
'0:0:24.38,308
'0:0:24.4,307
'0:0:24.42,307
'0:0:24.44,307
'0:0:24.46,308
'0:0:24.48,310
'0:0:24.5,318
'0:0:24.52,336
'0:0:24.54,358
'0:0:24.56,377
'0:0:24.58,386
'0:0:24.6,383
'0:0:24.62,375
'0:0:24.64,364
'0:0:24.66,355
'0:0:24.68,347
'0:0:24.7,339
'0:0:24.72,334
'0:0:24.74,328
'0:0:24.76,322
'0:0:24.78,315
'0:0:24.8,313
'0:0:24.82,314
'0:0:24.84,317
'0:0:24.86,321
'0:0:24.88,322
'0:0:24.9,323
'0:0:24.92,324
'0:0:24.94,324
'0:0:24.96,325
'0:0:24.98,321
'0:0:25.0,317
'0:0:25.02,316
'0:0:25.04,312
'0:0:25.06,312
'0:0:25.08,312
'0:0:25.1,309
'0:0:25.12,310
'0:0:25.14,311
'0:0:25.16,314
'0:0:25.18,317
'0:0:25.2,318
'0:0:25.22,321
'0:0:25.24,322
'0:0:25.26,323
'0:0:25.28,322
'0:0:25.3,324
'0:0:25.32,335
'0:0:25.34,355
'0:0:25.36,378
'0:0:25.38,391
'0:0:25.4,395
'0:0:25.42,392
'0:0:25.44,382
'0:0:25.46,374
'0:0:25.48,365
'0:0:25.5,358
'0:0:25.52,350
'0:0:25.54,343
'0:0:25.56,338
'0:0:25.58,331
'0:0:25.6,327
'0:0:25.62,325
'0:0:25.64,325
'0:0:25.66,329
'0:0:25.68,333
'0:0:25.7,338
'0:0:25.72,340
'0:0:25.74,340
'0:0:25.76,339
'0:0:25.78,334
'0:0:25.8,334
'0:0:25.82,334
'0:0:25.84,333
'0:0:25.86,331
'0:0:25.88,328
'0:0:25.9,325
'0:0:25.92,325
'0:0:25.94,324
'0:0:25.96,323
'0:0:25.98,322
'0:0:26.0,320
'0:0:26.02,320
'0:0:26.04,317
'0:0:26.06,315
'0:0:26.08,314
'0:0:26.1,325
'0:0:26.12,345
'0:0:26.14,363
'0:0:26.16,374
'0:0:26.18,375
'0:0:26.2,370
'0:0:26.22,363
'0:0:26.24,353
'0:0:26.26,342
'0:0:26.28,332
'0:0:26.3,324
'0:0:26.32,318
'0:0:26.34,312
'0:0:26.36,310
'0:0:26.38,307
'0:0:26.4,308
'0:0:26.42,310
'0:0:26.44,311
'0:0:26.46,312
'0:0:26.48,308
'0:0:26.5,307
'0:0:26.52,306
'0:0:26.54,302
'0:0:26.56,301
'0:0:26.58,298
'0:0:26.6,298
'0:0:26.62,301
'0:0:26.64,301
'0:0:26.66,302
'0:0:26.68,303
'0:0:26.7,305
'0:0:26.72,305
'0:0:26.74,306
'0:0:26.76,306
'0:0:26.78,303
'0:0:26.8,305
'0:0:26.82,306
'0:0:26.84,308
'0:0:26.86,319
'0:0:26.88,338
'0:0:26.9,362
'0:0:26.92,381
'0:0:26.94,389
'0:0:26.96,388
'0:0:26.98,378
'0:0:27.0,366
'0:0:27.02,353
'0:0:27.04,341
'0:0:27.06,333
'0:0:27.08,327
'0:0:27.1,325
'0:0:27.12,322
'0:0:27.14,320
'0:0:27.16,320
'0:0:27.18,321
'0:0:27.2,325
'0:0:27.22,330
'0:0:27.24,336
'0:0:27.26,339
'0:0:27.28,339
'0:0:27.3,341
'0:0:27.32,340
'0:0:27.34,338
'0:0:27.36,336
'0:0:27.38,334
'0:0:27.4,332
'0:0:27.42,330
'0:0:27.44,329
'0:0:27.46,328
'0:0:27.48,327
'0:0:27.5,328
'0:0:27.52,329
'0:0:27.54,329
'0:0:27.56,330
'0:0:27.58,328
'0:0:27.6,330
'0:0:27.62,331
'0:0:27.64,330
'0:0:27.66,328
'0:0:27.68,327
'0:0:27.7,332
'0:0:27.72,346
'0:0:27.74,365
'0:0:27.76,382
'0:0:27.78,387
'0:0:27.8,388
'0:0:27.82,382
'0:0:27.84,372
'0:0:27.86,362
'0:0:27.88,352
'0:0:27.9,346
'0:0:27.92,337
'0:0:27.94,328
'0:0:27.96,321
'0:0:27.98,314
'0:0:28.0,310
'0:0:28.02,309
'0:0:28.04,312
'0:0:28.06,318
'0:0:28.08,323
'0:0:28.1,327
'0:0:28.12,328
'0:0:28.14,329
'0:0:28.16,328
'0:0:28.18,326
'0:0:28.2,324
'0:0:28.22,319
'0:0:28.24,318
'0:0:28.26,316
'0:0:28.28,314
'0:0:28.3,312
'0:0:28.32,311
'0:0:28.34,311
'0:0:28.36,312
'0:0:28.38,311
'0:0:28.4,311
'0:0:28.42,315
'0:0:28.44,330
'0:0:28.46,353
'0:0:28.48,374
'0:0:28.5,388
'0:0:28.52,391
'0:0:28.54,386
'0:0:28.56,375
'0:0:28.58,362
'0:0:28.6,350
'0:0:28.62,338
'0:0:28.64,330
'0:0:28.66,323
'0:0:28.68,317
'0:0:28.7,315
'0:0:28.72,314
'0:0:28.74,315
'0:0:28.76,317
'0:0:28.78,316
'0:0:28.8,321
'0:0:28.82,325
'0:0:28.84,329
'0:0:28.86,328
'0:0:28.88,326
'0:0:28.9,324
'0:0:28.92,320
'0:0:28.94,316
'0:0:28.96,314
'0:0:28.98,313
'0:0:29.0,313
'0:0:29.02,311
'0:0:29.04,311
'0:0:29.06,311
'0:0:29.08,313
'0:0:29.1,317
'0:0:29.12,319
'0:0:29.14,322
'0:0:29.16,322
'0:0:29.18,326
'0:0:29.2,328
'0:0:29.22,328
'0:0:29.24,329
'0:0:29.26,329
'0:0:29.28,332
'0:0:29.3,343
'0:0:29.32,363
'0:0:29.34,384
'0:0:29.36,398
'0:0:29.38,404
'0:0:29.4,402
'0:0:29.42,394
'0:0:29.44,383
'0:0:29.46,373
'0:0:29.48,361
'0:0:29.5,352
'0:0:29.52,344
'0:0:29.54,338
'0:0:29.56,330
'0:0:29.58,325
'0:0:29.6,324
'0:0:29.62,324
'0:0:29.64,328
'0:0:29.66,329
'0:0:29.68,330
'0:0:29.7,331
'0:0:29.72,330
'0:0:29.74,329
'0:0:29.76,326
'0:0:29.78,321
'0:0:29.8,320
'0:0:29.82,319
'0:0:29.84,319
'0:0:29.86,317
'0:0:29.88,316
'0:0:29.9,316
'0:0:29.92,314
'0:0:29.94,313
'0:0:29.96,312
'0:0:29.98,312
'0:0:30.0,316
'0:0:30.02,317
'0:0:30.04,321
'0:0:30.06,330
'0:0:30.08,347
'0:0:30.1,370
'0:0:30.12,387
'0:0:30.14,394
'0:0:30.16,390
'0:0:30.18,379
'0:0:30.2,366
'0:0:30.22,352
'0:0:30.24,339
'0:0:30.26,328
'0:0:30.28,318
'0:0:30.3,314
'0:0:30.32,309
'0:0:30.34,309
'0:0:30.36,310
'0:0:30.38,312
'0:0:30.4,316
'0:0:30.42,318
'0:0:30.44,319
'0:0:30.46,320
'0:0:30.48,320
'0:0:30.5,320
'0:0:30.52,318
'0:0:30.54,316
'0:0:30.56,313
'0:0:30.58,311
'0:0:30.6,311
'0:0:30.62,309
'0:0:30.64,308
'0:0:30.66,307
'0:0:30.68,306
'0:0:30.7,307
'0:0:30.72,307
'0:0:30.74,310
'0:0:30.76,311
'0:0:30.78,309
'0:0:30.8,312
'0:0:30.82,313
'0:0:30.84,316
'0:0:30.86,324
'0:0:30.88,343
'0:0:30.9,368
'0:0:30.92,388
'0:0:30.94,397
'0:0:30.96,396
'0:0:30.98,389
'0:0:31.0,378
'0:0:31.02,363
'0:0:31.04,352
'0:0:31.06,342
'0:0:31.08,334
'0:0:31.1,327
'0:0:31.12,322
'0:0:31.14,321
'0:0:31.16,321
'0:0:31.18,323
'0:0:31.2,329
'0:0:31.22,335
'0:0:31.24,342
'0:0:31.26,345
'0:0:31.28,346
'0:0:31.3,345
'0:0:31.32,344
'0:0:31.34,341
'0:0:31.36,335
'0:0:31.38,330
'0:0:31.4,325
'0:0:31.42,320
'0:0:31.44,318
'0:0:31.46,316
'0:0:31.48,316
'0:0:31.5,317
'0:0:31.52,317
'0:0:31.54,319
'0:0:31.56,320
'0:0:31.58,323
'0:0:31.6,325
'0:0:31.62,324
'0:0:31.64,324
'0:0:31.66,323
'0:0:31.68,322
'0:0:31.7,326
'0:0:31.72,338
'0:0:31.74,361
'0:0:31.76,379
'0:0:31.78,387
'0:0:31.8,390
'0:0:31.82,385
'0:0:31.84,377
'0:0:31.86,367
'0:0:31.88,355
'0:0:31.9,343
'0:0:31.92,333
'0:0:31.94,326
'0:0:31.96,319
'0:0:31.98,315
'0:0:32.0,314
'0:0:32.02,315
'0:0:32.04,318
'0:0:32.06,321
'0:0:32.08,326
'0:0:32.1,329
'0:0:32.12,328
'0:0:32.14,327
'0:0:32.16,322
'0:0:32.18,319
'0:0:32.2,315
'0:0:32.22,311
'0:0:32.24,310
'0:0:32.26,306
'0:0:32.28,305
'0:0:32.3,303
'0:0:32.32,301
'0:0:32.34,302
'0:0:32.36,302
'0:0:32.38,304
'0:0:32.4,306
'0:0:32.42,308
'0:0:32.44,321
'0:0:32.46,342
'0:0:32.48,366
'0:0:32.5,385
'0:0:32.52,393
'0:0:32.54,392
'0:0:32.56,381
'0:0:32.58,369
'0:0:32.6,357
'0:0:32.62,344
'0:0:32.64,335
'0:0:32.66,326
'0:0:32.68,320
'0:0:32.7,317
'0:0:32.72,316
'0:0:32.74,317
'0:0:32.76,320
'0:0:32.78,322
'0:0:32.8,328
'0:0:32.82,331
'0:0:32.84,332
'0:0:32.86,330
'0:0:32.88,326
'0:0:32.9,323
'0:0:32.92,320
'0:0:32.94,318
'0:0:32.96,316
'0:0:32.98,316
'0:0:33.0,315
'0:0:33.02,315
'0:0:33.04,317
'0:0:33.06,318
'0:0:33.08,322
'0:0:33.1,326
'0:0:33.12,328
'0:0:33.14,329
'0:0:33.16,329
'0:0:33.18,328
'0:0:33.2,328
'0:0:33.22,328
'0:0:33.24,329
'0:0:33.26,331
'0:0:33.28,345
'0:0:33.3,367
'0:0:33.32,386
'0:0:33.34,400
'0:0:33.36,403
'0:0:33.38,399
'0:0:33.4,389
'0:0:33.42,377
'0:0:33.44,366
'0:0:33.46,356
'0:0:33.48,351
'0:0:33.5,346
'0:0:33.52,341
'0:0:33.54,335
'0:0:33.56,328
'0:0:33.58,323
'0:0:33.6,322
'0:0:33.62,324
'0:0:33.64,329
'0:0:33.66,332
'0:0:33.68,334
'0:0:33.7,334
'0:0:33.72,334
'0:0:33.74,334
'0:0:33.76,332
'0:0:33.78,325
'0:0:33.8,323
'0:0:33.82,320
'0:0:33.84,321
'0:0:33.86,319
'0:0:33.88,317
'0:0:33.9,314
'0:0:33.92,312
'0:0:33.94,312
'0:0:33.96,313
'0:0:33.98,319
'0:0:34.0,333
'0:0:34.02,354
'0:0:34.04,375
'0:0:34.06,387
'0:0:34.08,389
'0:0:34.1,381
'0:0:34.12,370
'0:0:34.14,359
'0:0:34.16,347
'0:0:34.18,336
'0:0:34.2,326
'0:0:34.22,316
'0:0:34.24,310
'0:0:34.26,306
'0:0:34.28,304
'0:0:34.3,306
'0:0:34.32,310
'0:0:34.34,316
'0:0:34.36,321
'0:0:34.38,324
'0:0:34.4,326
'0:0:34.42,327
'0:0:34.44,326
'0:0:34.46,323
'0:0:34.48,320
'0:0:34.5,318
'0:0:34.52,315
'0:0:34.54,315
'0:0:34.56,313
'0:0:34.58,314
'0:0:34.6,315
'0:0:34.62,316
'0:0:34.64,318
'0:0:34.66,316
'0:0:34.68,316
'0:0:34.7,314
'0:0:34.72,316
'0:0:34.74,329
'0:0:34.76,350
'0:0:34.78,371
'0:0:34.8,389
'0:0:34.82,397
'0:0:34.84,395
'0:0:34.86,386
'0:0:34.88,375
'0:0:34.9,364
'0:0:34.92,354
'0:0:34.94,346
'0:0:34.96,339
'0:0:34.98,334
'0:0:35.0,329
'0:0:35.02,327
'0:0:35.04,328
'0:0:35.06,328
'0:0:35.08,333
'0:0:35.1,337
'0:0:35.12,342
'0:0:35.14,345
'0:0:35.16,343
'0:0:35.18,341
'0:0:35.2,337
'0:0:35.22,333
'0:0:35.24,330
'0:0:35.26,327
'0:0:35.28,326
'0:0:35.3,324
'0:0:35.32,324
'0:0:35.34,326
'0:0:35.36,326
'0:0:35.38,327
'0:0:35.4,328
'0:0:35.42,327
'0:0:35.44,326
'0:0:35.46,323
'0:0:35.48,328
'0:0:35.5,344
'0:0:35.52,364
'0:0:35.54,383
'0:0:35.56,390
'0:0:35.58,394
'0:0:35.6,390
'0:0:35.62,383
'0:0:35.64,374
'0:0:35.66,363
'0:0:35.68,352
'0:0:35.7,343
'0:0:35.72,336
'0:0:35.74,330
'0:0:35.76,323
'0:0:35.78,315
'0:0:35.8,314
'0:0:35.82,316
'0:0:35.84,321
'0:0:35.86,324
'0:0:35.88,327
'0:0:35.9,327
'0:0:35.92,327
'0:0:35.94,327
'0:0:35.96,325
'0:0:35.98,322
'0:0:36.0,318
'0:0:36.02,315
'0:0:36.04,312
'0:0:36.06,308
'0:0:36.08,305
'0:0:36.1,301
'0:0:36.12,299
'0:0:36.14,298
'0:0:36.16,303
'0:0:36.18,320
'0:0:36.2,347
'0:0:36.22,372
'0:0:36.24,388
'0:0:36.26,393
'0:0:36.28,389
'0:0:36.3,380
'0:0:36.32,368
'0:0:36.34,356
'0:0:36.36,345
'0:0:36.38,336
'0:0:36.4,329
'0:0:36.42,323
'0:0:36.44,319
'0:0:36.46,317
'0:0:36.48,318
'0:0:36.5,320
'0:0:36.52,323
'0:0:36.54,326
'0:0:36.56,326
'0:0:36.58,327
'0:0:36.6,325
'0:0:36.62,322
'0:0:36.64,320
'0:0:36.66,316
'0:0:36.68,313
'0:0:36.7,311
'0:0:36.72,309
'0:0:36.74,309
'0:0:36.76,309
'0:0:36.78,308
'0:0:36.8,309
'0:0:36.82,313
'0:0:36.84,314
'0:0:36.86,316
'0:0:36.88,319
'0:0:36.9,320
'0:0:36.92,321
'0:0:36.94,322
'0:0:36.96,328
'0:0:36.98,348
'0:0:37.0,371
'0:0:37.02,390
'0:0:37.04,401
'0:0:37.06,402
'0:0:37.08,399
'0:0:37.1,390
'0:0:37.12,379
'0:0:37.14,368
'0:0:37.16,358
'0:0:37.18,350
'0:0:37.2,342
'0:0:37.22,335
'0:0:37.24,330
'0:0:37.26,326
'0:0:37.28,325
'0:0:37.3,325
'0:0:37.32,328
'0:0:37.34,329
'0:0:37.36,330
'0:0:37.38,332
'0:0:37.4,330
'0:0:37.42,330
'0:0:37.44,329
'0:0:37.46,326
'0:0:37.48,325
'0:0:37.5,321
'0:0:37.52,320
'0:0:37.54,318
'0:0:37.56,316
'0:0:37.58,315
'0:0:37.6,313
'0:0:37.62,313
'0:0:37.64,313
'0:0:37.66,314
'0:0:37.68,322
'0:0:37.7,339
'0:0:37.72,361
'0:0:37.74,380
'0:0:37.76,389
'0:0:37.78,386
'0:0:37.8,380
'0:0:37.82,370
'0:0:37.84,357
'0:0:37.86,342
'0:0:37.88,329
'0:0:37.9,317
'0:0:37.92,308
'0:0:37.94,301
'0:0:37.96,299
'0:0:37.98,301
'0:0:38.0,305
'0:0:38.02,311
'0:0:38.04,315
'0:0:38.06,319
'0:0:38.08,323
'0:0:38.1,323
'0:0:38.12,319
'0:0:38.14,316
'0:0:38.16,312
'0:0:38.18,311
'0:0:38.2,308
'0:0:38.22,307
'0:0:38.24,306
'0:0:38.26,307
'0:0:38.28,310
'0:0:38.3,310
'0:0:38.32,312
'0:0:38.34,312
'0:0:38.36,312
'0:0:38.38,321
'0:0:38.4,339
'0:0:38.42,364
'0:0:38.44,385
'0:0:38.46,395
'0:0:38.48,397
'0:0:38.5,388
'0:0:38.52,377
'0:0:38.54,365
'0:0:38.56,355
'0:0:38.58,346
'0:0:38.6,336
'0:0:38.62,328
'0:0:38.64,322
'0:0:38.66,316
'0:0:38.68,314
'0:0:38.7,312
'0:0:38.72,313
'0:0:38.74,315
'0:0:38.76,319
'0:0:38.78,320
'0:0:38.8,322
'0:0:38.82,325
'0:0:38.84,328
'0:0:38.86,329
'0:0:38.88,328
'0:0:38.9,325
'0:0:38.92,323
'0:0:38.94,320
'0:0:38.96,320
'0:0:38.98,320
'0:0:39.0,319
'0:0:39.02,320
'0:0:39.04,319
'0:0:39.06,319
'0:0:39.08,321
'0:0:39.1,322
'0:0:39.12,327
'0:0:39.14,339
'0:0:39.16,360
'0:0:39.18,382
'0:0:39.2,396
'0:0:39.22,403
'0:0:39.24,400
'0:0:39.26,392
'0:0:39.28,382
'0:0:39.3,370
'0:0:39.32,360
'0:0:39.34,348
'0:0:39.36,340
'0:0:39.38,334
'0:0:39.4,325
'0:0:39.42,321
'0:0:39.44,318
'0:0:39.46,318
'0:0:39.48,322
'0:0:39.5,325
'0:0:39.52,329
'0:0:39.54,330
'0:0:39.56,330
'0:0:39.58,331
'0:0:39.6,329
'0:0:39.62,327
'0:0:39.64,320
'0:0:39.66,315
'0:0:39.68,313
'0:0:39.7,312
'0:0:39.72,314
'0:0:39.74,313
'0:0:39.76,313
'0:0:39.78,309
'0:0:39.8,313
'0:0:39.82,328
'0:0:39.84,350
'0:0:39.86,370
'0:0:39.88,383
'0:0:39.9,384
'0:0:39.92,378
'0:0:39.94,368
'0:0:39.96,357
'0:0:39.98,344
'0:0:40.0,332
'0:0:40.02,323
'0:0:40.04,314
'0:0:40.06,308
'0:0:40.08,303
'0:0:40.1,300
'0:0:40.12,303
'0:0:40.14,308
'0:0:40.16,313
'0:0:40.18,318
'0:0:40.2,321
'0:0:40.22,323
'0:0:40.24,323
'0:0:40.26,322
'0:0:40.28,318
'0:0:40.3,315
'0:0:40.32,312
'0:0:40.34,309
'0:0:40.36,308
'0:0:40.38,307
'0:0:40.4,307
'0:0:40.42,307
'0:0:40.44,305
'0:0:40.46,307
'0:0:40.48,308
'0:0:40.5,314
'0:0:40.52,333
'0:0:40.54,359
'0:0:40.56,383
'0:0:40.58,398
'0:0:40.6,401
'0:0:40.62,395
'0:0:40.64,381
'0:0:40.66,367
'0:0:40.68,352
'0:0:40.7,340
'0:0:40.72,331
'0:0:40.74,323
'0:0:40.76,319
'0:0:40.78,313
'0:0:40.8,313
'0:0:40.82,315
'0:0:40.84,317
'0:0:40.86,322
'0:0:40.88,328
'0:0:40.9,334
'0:0:40.92,337
'0:0:40.94,338
'0:0:40.96,339
'0:0:40.98,336
'0:0:41.0,333
'0:0:41.02,330
'0:0:41.04,327
'0:0:41.06,325
'0:0:41.08,323
'0:0:41.1,321
'0:0:41.12,320
'0:0:41.14,318
'0:0:41.16,319
'0:0:41.18,320
'0:0:41.2,322
'0:0:41.22,326
'0:0:41.24,335
'0:0:41.26,354
'0:0:41.28,375
'0:0:41.3,392
'0:0:41.32,401
'0:0:41.34,401
'0:0:41.36,396
'0:0:41.38,386
'0:0:41.4,375
'0:0:41.42,364
'0:0:41.44,352
'0:0:41.46,340
'0:0:41.48,328
'0:0:41.5,318
'0:0:41.52,311
'0:0:41.54,306
'0:0:41.56,305
'0:0:41.58,308
'0:0:41.6,316
'0:0:41.62,324
'0:0:41.64,329
'0:0:41.66,332
'0:0:41.68,331
'0:0:41.7,331
'0:0:41.72,330
'0:0:41.74,327
'0:0:41.76,324
'0:0:41.78,317
'0:0:41.8,317
'0:0:41.82,315
'0:0:41.84,312
'0:0:41.86,311
'0:0:41.88,313
'0:0:41.9,329
'0:0:41.92,351
'0:0:41.94,371
'0:0:41.96,384
'0:0:41.98,388
'0:0:42.0,384
'0:0:42.02,372
'0:0:42.04,359
'0:0:42.06,347
'0:0:42.08,335
'0:0:42.1,326
'0:0:42.12,319
'0:0:42.14,314
'0:0:42.16,313
'0:0:42.18,312
'0:0:42.2,315
'0:0:42.22,319
'0:0:42.24,323
'0:0:42.26,328
'0:0:42.28,331
'0:0:42.3,332
'0:0:42.32,328
'0:0:42.34,326
'0:0:42.36,323
'0:0:42.38,319
'0:0:42.4,317
'0:0:42.42,313
'0:0:42.44,312
'0:0:42.46,314
'0:0:42.48,315
'0:0:42.5,316
'0:0:42.52,313
'0:0:42.54,312
'0:0:42.56,311
'0:0:42.58,314
'0:0:42.6,330
'0:0:42.62,353
'0:0:42.64,376
'0:0:42.66,389
'0:0:42.68,391
'0:0:42.7,387
'0:0:42.72,377
'0:0:42.74,368
'0:0:42.76,359
'0:0:42.78,347
'0:0:42.8,341
'0:0:42.82,336
'0:0:42.84,333
'0:0:42.86,328
'0:0:42.88,326
'0:0:42.9,327
'0:0:42.92,327
'0:0:42.94,332
'0:0:42.96,335
'0:0:42.98,337
'0:0:43.0,339
'0:0:43.02,337
'0:0:43.04,336
'0:0:43.06,332
'0:0:43.08,330
'0:0:43.1,330
'0:0:43.12,329
'0:0:43.14,331
'0:0:43.16,331
'0:0:43.18,329
'0:0:43.2,328
'0:0:43.22,326
'0:0:43.24,323
'0:0:43.26,321
'0:0:43.28,319
'0:0:43.3,324
'0:0:43.32,338
'0:0:43.34,358
'0:0:43.36,374
'0:0:43.38,383
'0:0:43.4,384
'0:0:43.42,378
'0:0:43.44,371
'0:0:43.46,361
'0:0:43.48,352
'0:0:43.5,345
'0:0:43.52,336
'0:0:43.54,329
'0:0:43.56,325
'0:0:43.58,323
'0:0:43.6,321
'0:0:43.62,317
'0:0:43.64,316
'0:0:43.66,317
'0:0:43.68,322
'0:0:43.7,327
'0:0:43.72,329
'0:0:43.74,330
'0:0:43.76,326
'0:0:43.78,319
'0:0:43.8,316
'0:0:43.82,313
'0:0:43.84,312
'0:0:43.86,310
'0:0:43.88,308
'0:0:43.9,306
'0:0:43.92,304
'0:0:43.94,308
'0:0:43.96,321
'0:0:43.98,344
'0:0:44.0,367
'0:0:44.02,383
'0:0:44.04,390
'0:0:44.06,386
'0:0:44.08,376
'0:0:44.1,363
'0:0:44.12,351
'0:0:44.14,342
'0:0:44.16,332
'0:0:44.18,325
'0:0:44.2,319
'0:0:44.22,315
'0:0:44.24,313
'0:0:44.26,314
'0:0:44.28,316
'0:0:44.3,318
'0:0:44.32,320
'0:0:44.34,322
'0:0:44.36,320
'0:0:44.38,320
'0:0:44.4,320
'0:0:44.42,317
'0:0:44.44,316
'0:0:44.46,313
'0:0:44.48,310
'0:0:44.5,306
'0:0:44.52,302
'0:0:44.54,303
'0:0:44.56,304
'0:0:44.58,306
'0:0:44.6,307
'0:0:44.62,309
'0:0:44.64,312
'0:0:44.66,323
'0:0:44.68,347
'0:0:44.7,371
'0:0:44.72,391
'0:0:44.74,401
'0:0:44.76,400
'0:0:44.78,390
'0:0:44.8,381
'0:0:44.82,370
'0:0:44.84,359
'0:0:44.86,347
'0:0:44.88,338
'0:0:44.9,329
'0:0:44.92,323
'0:0:44.94,320
'0:0:44.96,319
'0:0:44.98,321
'0:0:45.0,325
'0:0:45.02,331
'0:0:45.04,337
'0:0:45.06,339
'0:0:45.08,339
'0:0:45.1,335
'0:0:45.12,334
'0:0:45.14,332
'0:0:45.16,330
'0:0:45.18,328
'0:0:45.2,324
'0:0:45.22,321
'0:0:45.24,320
'0:0:45.26,318
'0:0:45.28,320
'0:0:45.3,319
'0:0:45.32,320
'0:0:45.34,324
'0:0:45.36,337
'0:0:45.38,358
'0:0:45.4,375
'0:0:45.42,386
'0:0:45.44,387
'0:0:45.46,378
'0:0:45.48,367
'0:0:45.5,355
'0:0:45.52,347
'0:0:45.54,341
'0:0:45.56,334
'0:0:45.58,326
'0:0:45.6,318
'0:0:45.62,315
'0:0:45.64,313
'0:0:45.66,314
'0:0:45.68,316
'0:0:45.7,317
'0:0:45.72,320
'0:0:45.74,321
'0:0:45.76,322
'0:0:45.78,316
'0:0:45.8,313
'0:0:45.82,314
'0:0:45.84,313
'0:0:45.86,311
'0:0:45.88,311
'0:0:45.9,309
'0:0:45.92,308
'0:0:45.94,307
'0:0:45.96,306
'0:0:45.98,308
'0:0:46.0,315
'0:0:46.02,336
'0:0:46.04,360
'0:0:46.06,384
'0:0:46.08,398
'0:0:46.1,398
'0:0:46.12,390
'0:0:46.14,377
'0:0:46.16,363
'0:0:46.18,351
'0:0:46.2,339
'0:0:46.22,330
'0:0:46.24,321
'0:0:46.26,315
'0:0:46.28,312
'0:0:46.3,310
'0:0:46.32,312
'0:0:46.34,317
'0:0:46.36,323
'0:0:46.38,326
'0:0:46.4,327
'0:0:46.42,327
'0:0:46.44,324
'0:0:46.46,322
'0:0:46.48,318
'0:0:46.5,314
'0:0:46.52,312
'0:0:46.54,309
'0:0:46.56,309
'0:0:46.58,309
'0:0:46.6,308
'0:0:46.62,307
'0:0:46.64,307
'0:0:46.66,309
'0:0:46.68,310
'0:0:46.7,315
'0:0:46.72,332
'0:0:46.74,356
'0:0:46.76,381
'0:0:46.78,395
'0:0:46.8,401
'0:0:46.82,399
'0:0:46.84,389
'0:0:46.86,379
'0:0:46.88,366
'0:0:46.9,352
'0:0:46.92,342
'0:0:46.94,332
'0:0:46.96,326
'0:0:46.98,322
'0:0:47.0,320
'0:0:47.02,319
'0:0:47.04,320
'0:0:47.06,324
'0:0:47.08,328
'0:0:47.1,334
'0:0:47.12,337
'0:0:47.14,336
'0:0:47.16,334
'0:0:47.18,331
'0:0:47.2,327
'0:0:47.22,325
'0:0:47.24,322
'0:0:47.26,320
'0:0:47.28,317
'0:0:47.3,314
'0:0:47.32,311
'0:0:47.34,308
'0:0:47.36,307
'0:0:47.38,312
'0:0:47.4,327
'0:0:47.42,349
'0:0:47.44,369
'0:0:47.46,380
'0:0:47.48,382
'0:0:47.5,377
'0:0:47.52,372
'0:0:47.54,365
'0:0:47.56,360
'0:0:47.58,351
'0:0:47.6,339
'0:0:47.62,325
'0:0:47.64,313
'0:0:47.66,305
'0:0:47.68,301
'0:0:47.7,303
'0:0:47.72,308
'0:0:47.74,314
'0:0:47.76,319
'0:0:47.78,318
'0:0:47.8,320
'0:0:47.82,320
'0:0:47.84,317
'0:0:47.86,316
'0:0:47.88,315
'0:0:47.9,314
'0:0:47.92,312
'0:0:47.94,310
'0:0:47.96,310
'0:0:47.98,309
'0:0:48.0,309
'0:0:48.02,314
'0:0:48.04,328
'0:0:48.06,352
'0:0:48.08,374
'0:0:48.1,390
'0:0:48.12,394
'0:0:48.14,387
'0:0:48.16,377
'0:0:48.18,363
'0:0:48.2,351
'0:0:48.22,341
'0:0:48.24,332
'0:0:48.26,325
'0:0:48.28,319
'0:0:48.3,316
'0:0:48.32,313
'0:0:48.34,312
'0:0:48.36,313
'0:0:48.38,317
'0:0:48.4,321
'0:0:48.42,324
'0:0:48.44,325
'0:0:48.46,328
'0:0:48.48,328
'0:0:48.5,327
'0:0:48.52,327
'0:0:48.54,324
'0:0:48.56,323
'0:0:48.58,321
'0:0:48.6,320
'0:0:48.62,320
'0:0:48.64,319
'0:0:48.66,321
'0:0:48.68,321
'0:0:48.7,324
'0:0:48.72,332
'0:0:48.74,349
'0:0:48.76,371
'0:0:48.78,385
'0:0:48.8,395
'0:0:48.82,397
'0:0:48.84,390
'0:0:48.86,381
'0:0:48.88,369
'0:0:48.9,359
'0:0:48.92,351
'0:0:48.94,343
'0:0:48.96,337
'0:0:48.98,330
'0:0:49.0,327
'0:0:49.02,325
'0:0:49.04,326
'0:0:49.06,329
'0:0:49.08,332
'0:0:49.1,333
'0:0:49.12,332
'0:0:49.14,328
'0:0:49.16,325
'0:0:49.18,322
'0:0:49.2,319
'0:0:49.22,316
'0:0:49.24,314
'0:0:49.26,314
'0:0:49.28,313
'0:0:49.3,313
'0:0:49.32,314
'0:0:49.34,318
'0:0:49.36,328
'0:0:49.38,346
'0:0:49.4,369
'0:0:49.42,385
'0:0:49.44,393
'0:0:49.46,391
'0:0:49.48,382
'0:0:49.5,370
'0:0:49.52,357
'0:0:49.54,343
'0:0:49.56,333
'0:0:49.58,324
'0:0:49.6,318
'0:0:49.62,313
'0:0:49.64,308
'0:0:49.66,309
'0:0:49.68,311
'0:0:49.7,314
'0:0:49.72,319
'0:0:49.74,323
'0:0:49.76,326
'0:0:49.78,322
'0:0:49.8,321
'0:0:49.82,319
'0:0:49.84,315
'0:0:49.86,313
'0:0:49.88,312
'0:0:49.9,309
'0:0:49.92,308
'0:0:49.94,308
'0:0:49.96,310
'0:0:49.98,310
'0:0:50.0,312
'0:0:50.02,317
'0:0:50.04,331
'0:0:50.06,356
'0:0:50.08,379
'0:0:50.1,394
'0:0:50.12,398
'0:0:50.14,391
'0:0:50.16,380
'0:0:50.18,368
'0:0:50.2,354
'0:0:50.22,342
'0:0:50.24,331
'0:0:50.26,324
'0:0:50.28,317
'0:0:50.3,311
'0:0:50.32,309
'0:0:50.34,309
'0:0:50.36,313
'0:0:50.38,317
'0:0:50.4,321
'0:0:50.42,324
'0:0:50.44,326
'0:0:50.46,328
'0:0:50.48,328
'0:0:50.5,327
'0:0:50.52,324
'0:0:50.54,321
'0:0:50.56,320
'0:0:50.58,319
'0:0:50.6,321
'0:0:50.62,325
'0:0:50.64,328
'0:0:50.66,329
'0:0:50.68,326
'0:0:50.7,322
'0:0:50.72,320
'0:0:50.74,318
'0:0:50.76,325
'0:0:50.78,339
'0:0:50.8,362
'0:0:50.82,383
'0:0:50.84,392
'0:0:50.86,394
'0:0:50.88,389
'0:0:50.9,379
'0:0:50.92,369
'0:0:50.94,359
'0:0:50.96,351
'0:0:50.98,343
'0:0:51.0,335
'0:0:51.02,328
'0:0:51.04,320
'0:0:51.06,314
'0:0:51.08,311
'0:0:51.1,311
'0:0:51.12,317
'0:0:51.14,323
'0:0:51.16,329
'0:0:51.18,329
'0:0:51.2,325
'0:0:51.22,323
'0:0:51.24,322
'0:0:51.26,325
'0:0:51.28,326
'0:0:51.3,325
'0:0:51.32,323
'0:0:51.34,319
'0:0:51.36,318
'0:0:51.38,315
'0:0:51.4,315
'0:0:51.42,325
'0:0:51.44,344
'0:0:51.46,367
'0:0:51.48,384
'0:0:51.5,389
'0:0:51.52,386
'0:0:51.54,375
'0:0:51.56,362
'0:0:51.58,349
'0:0:51.6,336
'0:0:51.62,326
'0:0:51.64,318
'0:0:51.66,312
'0:0:51.68,307
'0:0:51.7,306
'0:0:51.72,309
'0:0:51.74,313
'0:0:51.76,318
'0:0:51.78,320
'0:0:51.8,324
'0:0:51.82,326
'0:0:51.84,325
'0:0:51.86,322
'0:0:51.88,318
'0:0:51.9,314
'0:0:51.92,312
'0:0:51.94,310
'0:0:51.96,310
'0:0:51.98,309
'0:0:52.0,310
'0:0:52.02,312
'0:0:52.04,313
'0:0:52.06,315
'0:0:52.08,316
'0:0:52.1,323
'0:0:52.12,341
'0:0:52.14,365
'0:0:52.16,386
'0:0:52.18,395
'0:0:52.2,392
'0:0:52.22,387
'0:0:52.24,377
'0:0:52.26,365
'0:0:52.28,352
'0:0:52.3,341
'0:0:52.32,333
'0:0:52.34,326
'0:0:52.36,323
'0:0:52.38,320
'0:0:52.4,318
'0:0:52.42,321
'0:0:52.44,324
'0:0:52.46,330
'0:0:52.48,334
'0:0:52.5,337
'0:0:52.52,341
'0:0:52.54,339
'0:0:52.56,338
'0:0:52.58,335
'0:0:52.6,329
'0:0:52.62,325
'0:0:52.64,321
'0:0:52.66,321
'0:0:52.68,320
'0:0:52.7,319
'0:0:52.72,319
'0:0:52.74,319
'0:0:52.76,321
'0:0:52.78,320
'0:0:52.8,324
'0:0:52.82,339
'0:0:52.84,357
'0:0:52.86,373
'0:0:52.88,383
'0:0:52.9,385
'0:0:52.92,382
'0:0:52.94,373
'0:0:52.96,364
'0:0:52.98,355
'0:0:53.0,348
'0:0:53.02,342
'0:0:53.04,335
'0:0:53.06,328
'0:0:53.08,320
'0:0:53.1,316
'0:0:53.12,316
'0:0:53.14,320
'0:0:53.16,325
'0:0:53.18,328
'0:0:53.2,328
'0:0:53.22,325
'0:0:53.24,320
'0:0:53.26,317
'0:0:53.28,313
'0:0:53.3,309
'0:0:53.32,308
'0:0:53.34,307
'0:0:53.36,307
'0:0:53.38,306
'0:0:53.4,305
'0:0:53.42,306
'0:0:53.44,308
'0:0:53.46,323
'0:0:53.48,345
'0:0:53.5,370
'0:0:53.52,388
'0:0:53.54,394
'0:0:53.56,391
'0:0:53.58,381
'0:0:53.6,369
'0:0:53.62,358
'0:0:53.64,345
'0:0:53.66,335
'0:0:53.68,325
'0:0:53.7,317
'0:0:53.72,314
'0:0:53.74,313
'0:0:53.76,315
'0:0:53.78,315
'0:0:53.8,320
'0:0:53.82,325
'0:0:53.84,328
'0:0:53.86,330
'0:0:53.88,326
'0:0:53.9,322
'0:0:53.92,319
'0:0:53.94,316
'0:0:53.96,315
'0:0:53.98,314
'0:0:54.0,313
'0:0:54.02,312
'0:0:54.04,311
'0:0:54.06,311
'0:0:54.08,311
'0:0:54.1,313
'0:0:54.12,316
'0:0:54.14,320
'0:0:54.16,328
'0:0:54.18,345
'0:0:54.2,369
'0:0:54.22,390
'0:0:54.24,401
'0:0:54.26,402
'0:0:54.28,397
'0:0:54.3,386
'0:0:54.32,376
'0:0:54.34,363
'0:0:54.36,353
'0:0:54.38,344
'0:0:54.4,336
'0:0:54.42,332
'0:0:54.44,326
'0:0:54.46,323
'0:0:54.48,323
'0:0:54.5,325
'0:0:54.52,331
'0:0:54.54,334
'0:0:54.56,336
'0:0:54.58,336
'0:0:54.6,335
'0:0:54.62,333
'0:0:54.64,329
'0:0:54.66,326
'0:0:54.68,321
'0:0:54.7,316
'0:0:54.72,311
'0:0:54.74,307
'0:0:54.76,306
'0:0:54.78,307
'0:0:54.8,310
'0:0:54.82,311
'0:0:54.84,312
'0:0:54.86,323
'0:0:54.88,344
'0:0:54.9,368
'0:0:54.92,384
'0:0:54.94,388
'0:0:54.96,383
'0:0:54.98,372
'0:0:55.0,360
'0:0:55.02,348
'0:0:55.04,336
'0:0:55.06,326
'0:0:55.08,316
'0:0:55.1,310
'0:0:55.12,306
'0:0:55.14,303
'0:0:55.16,306
'0:0:55.18,309
'0:0:55.2,312
'0:0:55.22,317
'0:0:55.24,319
'0:0:55.26,320
'0:0:55.28,318
'0:0:55.3,315
'0:0:55.32,312
'0:0:55.34,310
'0:0:55.36,309
'0:0:55.38,308
'0:0:55.4,308
'0:0:55.42,309
'0:0:55.44,309
'0:0:55.46,310
'0:0:55.48,311
'0:0:55.5,311
'0:0:55.52,315
'0:0:55.54,327
'0:0:55.56,351
'0:0:55.58,375
'0:0:55.6,392
'0:0:55.62,399
'0:0:55.64,395
'0:0:55.66,385
'0:0:55.68,370
'0:0:55.7,354
'0:0:55.72,340
'0:0:55.74,327
'0:0:55.76,317
'0:0:55.78,308
'0:0:55.8,304
'0:0:55.82,304
'0:0:55.84,306
'0:0:55.86,311
'0:0:55.88,315
'0:0:55.9,321
'0:0:55.92,326
'0:0:55.94,328
'0:0:55.96,330
'0:0:55.98,330
'0:0:56.0,329
'0:0:56.02,327
'0:0:56.04,323
'0:0:56.06,323
'0:0:56.08,320
'0:0:56.1,319
'0:0:56.12,319
'0:0:56.14,321
'0:0:56.16,324
'0:0:56.18,325
'0:0:56.2,324
'0:0:56.22,325
'0:0:56.24,322
'0:0:56.26,325
'0:0:56.28,338
'0:0:56.3,359
'0:0:56.32,378
'0:0:56.34,389
'0:0:56.36,393
'0:0:56.38,390
'0:0:56.4,382
'0:0:56.42,373
'0:0:56.44,363
'0:0:56.46,354
'0:0:56.48,343
'0:0:56.5,334
'0:0:56.52,324
'0:0:56.54,315
'0:0:56.56,310
'0:0:56.58,309
'0:0:56.6,312
'0:0:56.62,316
'0:0:56.64,319
'0:0:56.66,322
'0:0:56.68,323
'0:0:56.7,325
'0:0:56.72,325
'0:0:56.74,323
'0:0:56.76,322
'0:0:56.78,317
'0:0:56.8,319
'0:0:56.82,319
'0:0:56.84,315
'0:0:56.86,310
'0:0:56.88,303
'0:0:56.9,299
'0:0:56.92,306
'0:0:56.94,326
'0:0:56.96,353
'0:0:56.98,375
'0:0:57.0,388
'0:0:57.02,389
'0:0:57.04,381
'0:0:57.06,370
'0:0:57.08,355
'0:0:57.1,342
'0:0:57.12,332
'0:0:57.14,323
'0:0:57.16,317
'0:0:57.18,312
'0:0:57.2,311
'0:0:57.22,313
'0:0:57.24,316
'0:0:57.26,320
'0:0:57.28,322
'0:0:57.3,325
'0:0:57.32,326
'0:0:57.34,327
'0:0:57.36,326
'0:0:57.38,322
'0:0:57.4,321
'0:0:57.42,320
'0:0:57.44,319
'0:0:57.46,319
'0:0:57.48,317
'0:0:57.5,315
'0:0:57.52,313
'0:0:57.54,309
'0:0:57.56,307
'0:0:57.58,306
'0:0:57.6,308
'0:0:57.62,319
'0:0:57.64,342
'0:0:57.66,368
'0:0:57.68,385
'0:0:57.7,391
'0:0:57.72,387
'0:0:57.74,379
'0:0:57.76,369
'0:0:57.78,355
'0:0:57.8,346
'0:0:57.82,340
'0:0:57.84,333
'0:0:57.86,328
'0:0:57.88,323
'0:0:57.9,323
'0:0:57.92,323
'0:0:57.94,325
'0:0:57.96,329
'0:0:57.98,331
'0:0:58.0,334
'0:0:58.02,336
'0:0:58.04,337
'0:0:58.06,337
'0:0:58.08,334
'0:0:58.1,333
'0:0:58.12,330
'0:0:58.14,326
'0:0:58.16,325
'0:0:58.18,324
'0:0:58.2,324
'0:0:58.22,321
'0:0:58.24,318
'0:0:58.26,317
'0:0:58.28,317
'0:0:58.3,319
'0:0:58.32,325
'0:0:58.34,340
'0:0:58.36,360
'0:0:58.38,372
'0:0:58.4,378
'0:0:58.42,376
'0:0:58.44,370
'0:0:58.46,363
'0:0:58.48,353
'0:0:58.5,344
'0:0:58.52,336
'0:0:58.54,329
'0:0:58.56,322
'0:0:58.58,316
'0:0:58.6,310
'0:0:58.62,310
'0:0:58.64,313
'0:0:58.66,319
'0:0:58.68,324
'0:0:58.7,329
'0:0:58.72,330
'0:0:58.74,329
'0:0:58.76,326
'0:0:58.78,317
'0:0:58.8,315
'0:0:58.82,314
'0:0:58.84,313
'0:0:58.86,313
'0:0:58.88,311
'0:0:58.9,309
'0:0:58.92,307
'0:0:58.94,309
'0:0:58.96,321
'0:0:58.98,341
'0:0:59.0,366
'0:0:59.02,382
'0:0:59.04,388
'0:0:59.06,383
'0:0:59.08,371
'0:0:59.1,359
'0:0:59.12,347
'0:0:59.14,336
'0:0:59.16,328
'0:0:59.18,321
'0:0:59.2,317
'0:0:59.22,313
'0:0:59.24,311
'0:0:59.26,312
'0:0:59.28,313
'0:0:59.3,317
'0:0:59.32,320
'0:0:59.34,323
'0:0:59.36,325
'0:0:59.38,326
'0:0:59.4,325
'0:0:59.42,322
'0:0:59.44,318
'0:0:59.46,314
'0:0:59.48,311
'0:0:59.5,309
'0:0:59.52,307
'0:0:59.54,306
'0:0:59.56,306
'0:0:59.58,306
'0:0:59.6,307
'0:0:59.62,308
'0:0:59.64,312
'0:0:59.66,324
'0:0:59.68,346
'0:0:59.7,374
'0:0:59.72,392
'0:0:59.74,402
'0:0:59.76,402
'0:0:59.78,391
'0:0:59.8,382
'0:0:59.82,370
'0:0:59.84,357
'0:0:59.86,346
'0:0:59.88,334
'0:0:59.9,329
'0:0:59.92,325
'0:0:59.94,324
'0:0:59.96,326
'0:0:59.98,328
'0:1:0.0,333
'0:1:0.02,335
'0:1:0.04,337
'0:1:0.06,338
'0:1:0.08,335
'0:1:0.1,334
'0:1:0.12,331
'0:1:0.14,330
'0:1:0.16,328
'0:1:0.18,325
'0:1:0.2,322
'0:1:0.22,318
'0:1:0.24,316
'0:1:0.26,316
'0:1:0.28,315
'0:1:0.3,314
'0:1:0.32,313
'0:1:0.34,320
'0:1:0.36,337
'0:1:0.38,358
'0:1:0.4,378
'0:1:0.42,388
'0:1:0.44,391
'0:1:0.46,386
'0:1:0.48,375
'0:1:0.5,363
'0:1:0.52,349
'0:1:0.54,338
'0:1:0.56,327
'0:1:0.58,318
'0:1:0.6,312
'0:1:0.62,308
'0:1:0.64,308
'0:1:0.66,309
'0:1:0.68,314
'0:1:0.7,323
'0:1:0.72,329
'0:1:0.74,332
'0:1:0.76,331
'0:1:0.78,323
'0:1:0.8,320
'0:1:0.82,315
'0:1:0.84,312
'0:1:0.86,309
'0:1:0.88,307
'0:1:0.9,309
'0:1:0.92,309
'0:1:0.94,310
'0:1:0.96,311
'0:1:0.98,312
'0:1:1.0,320
'0:1:1.02,338
'0:1:1.04,363
'0:1:1.06,384
'0:1:1.08,394
'0:1:1.1,395
'0:1:1.12,387
'0:1:1.14,375
'0:1:1.16,361
'0:1:1.18,351
'0:1:1.2,342
'0:1:1.22,333
'0:1:1.24,326
'0:1:1.26,317
'0:1:1.28,311
'0:1:1.3,306
'0:1:1.32,304
'0:1:1.34,307
'0:1:1.36,310
'0:1:1.38,314
'0:1:1.4,318
'0:1:1.42,320
'0:1:1.44,322
'0:1:1.46,321
'0:1:1.48,319
'0:1:1.5,317
'0:1:1.52,315
'0:1:1.54,317
'0:1:1.56,319
'0:1:1.58,321
'0:1:1.6,323
'0:1:1.62,321
'0:1:1.64,321
'0:1:1.66,321
'0:1:1.68,323
'0:1:1.7,327
'0:1:1.72,337
'0:1:1.74,358
'0:1:1.76,378
'0:1:1.78,391
'0:1:1.8,398
'0:1:1.82,394
'0:1:1.84,384
'0:1:1.86,372
'0:1:1.88,361
'0:1:1.9,353
'0:1:1.92,344
'0:1:1.94,339
'0:1:1.96,333
'0:1:1.98,327
'0:1:2.0,324
'0:1:2.02,323
'0:1:2.04,323
'0:1:2.06,322
'0:1:2.08,323
'0:1:2.1,325
'0:1:2.12,326
'0:1:2.14,327
'0:1:2.16,325
'0:1:2.18,324
'0:1:2.2,322
'0:1:2.22,320
'0:1:2.24,320
'0:1:2.26,320
'0:1:2.28,318
'0:1:2.3,316
'0:1:2.32,315
'0:1:2.34,317
'0:1:2.36,326
'0:1:2.38,346
'0:1:2.4,369
'0:1:2.42,387
'0:1:2.44,395
'0:1:2.46,394
'0:1:2.48,386
'0:1:2.5,372
'0:1:2.52,356
'0:1:2.54,343
'0:1:2.56,329
'0:1:2.58,319
'0:1:2.6,311
'0:1:2.62,306
'0:1:2.64,305
'0:1:2.66,305
'0:1:2.68,309
'0:1:2.7,314
'0:1:2.72,319
'0:1:2.74,324
'0:1:2.76,324
'0:1:2.78,323
'0:1:2.8,325
'0:1:2.82,324
'0:1:2.84,323
'0:1:2.86,319
'0:1:2.88,318
'0:1:2.9,316
'0:1:2.92,314
'0:1:2.94,313
'0:1:2.96,310
'0:1:2.98,309
'0:1:3.0,311
'0:1:3.02,322
'0:1:3.04,344
'0:1:3.06,368
'0:1:3.08,386
'0:1:3.1,393
'0:1:3.12,389
'0:1:3.14,378
'0:1:3.16,363
'0:1:3.18,350
'0:1:3.2,337
'0:1:3.22,328
'0:1:3.24,320
'0:1:3.26,314
'0:1:3.28,312
'0:1:3.3,311
'0:1:3.32,313
'0:1:3.34,315
'0:1:3.36,318
'0:1:3.38,323
'0:1:3.4,328
'0:1:3.42,332
'0:1:3.44,333
'0:1:3.46,332
'0:1:3.48,331
'0:1:3.5,328
'0:1:3.52,325
'0:1:3.54,323
'0:1:3.56,321
'0:1:3.58,320
'0:1:3.6,318
'0:1:3.62,318
'0:1:3.64,320
'0:1:3.66,322
'0:1:3.68,326
'0:1:3.7,331
'0:1:3.72,344
'0:1:3.74,366
'0:1:3.76,382
'0:1:3.78,389
'0:1:3.8,389
'0:1:3.82,385
'0:1:3.84,377
'0:1:3.86,368
'0:1:3.88,360
'0:1:3.9,352
'0:1:3.92,343
'0:1:3.94,335
'0:1:3.96,327
'0:1:3.98,323
'0:1:4.0,319
'0:1:4.02,317
'0:1:4.04,317
'0:1:4.06,318
'0:1:4.08,321
'0:1:4.1,324
'0:1:4.12,326
'0:1:4.14,327
'0:1:4.16,326
'0:1:4.18,324
'0:1:4.2,322
'0:1:4.22,320
'0:1:4.24,319
'0:1:4.26,318
'0:1:4.28,318
'0:1:4.3,315
'0:1:4.32,314
'0:1:4.34,318
'0:1:4.36,334
'0:1:4.38,358
'0:1:4.4,376
'0:1:4.42,386
'0:1:4.44,384
'0:1:4.46,374
'0:1:4.48,360
'0:1:4.5,348
'0:1:4.52,338
'0:1:4.54,329
'0:1:4.56,321
'0:1:4.58,317
'0:1:4.6,313
'0:1:4.62,312
'0:1:4.64,312
'0:1:4.66,315
'0:1:4.68,320
'0:1:4.7,323
'0:1:4.72,326
'0:1:4.74,325
'0:1:4.76,323
'0:1:4.78,318
'0:1:4.8,316
'0:1:4.82,317
'0:1:4.84,315
'0:1:4.86,313
'0:1:4.88,312
'0:1:4.9,311
'0:1:4.92,311
'0:1:4.94,311
'0:1:4.96,312
'0:1:4.98,313
'0:1:5.0,312
'0:1:5.02,322
'0:1:5.04,341
'0:1:5.06,364
'0:1:5.08,380
'0:1:5.1,385
'0:1:5.12,383
'0:1:5.14,373
'0:1:5.16,362
'0:1:5.18,350
'0:1:5.2,337
'0:1:5.22,330
'0:1:5.24,324
'0:1:5.26,319
'0:1:5.28,316
'0:1:5.3,313
'0:1:5.32,315
'0:1:5.34,317
'0:1:5.36,321
'0:1:5.38,325
'0:1:5.4,327
'0:1:5.42,331
'0:1:5.44,333
'0:1:5.46,333
'0:1:5.48,332
'0:1:5.5,329
'0:1:5.52,327
'0:1:5.54,324
'0:1:5.56,322
'0:1:5.58,321
'0:1:5.6,320
'0:1:5.62,320
'0:1:5.64,319
'0:1:5.66,320
'0:1:5.68,320
'0:1:5.7,319
'0:1:5.72,322
'0:1:5.74,326
'0:1:5.76,340
'0:1:5.78,358
'0:1:5.8,375
'0:1:5.82,387
'0:1:5.84,388
'0:1:5.86,383
'0:1:5.88,374
'0:1:5.9,363
'0:1:5.92,353
'0:1:5.94,341
'0:1:5.96,333
'0:1:5.98,325
'0:1:6.0,318
'0:1:6.02,317
'0:1:6.04,316
'0:1:6.06,318
'0:1:6.08,321
'0:1:6.1,325
'0:1:6.12,330
'0:1:6.14,332
'0:1:6.16,334
'0:1:6.18,333
'0:1:6.2,330
'0:1:6.22,327
'0:1:6.24,320
'0:1:6.26,314
'0:1:6.28,309
'0:1:6.3,307
'0:1:6.32,308
'0:1:6.34,308
'0:1:6.36,309
'0:1:6.38,310
'0:1:6.4,313
'0:1:6.42,328
'0:1:6.44,350
'0:1:6.46,373
'0:1:6.48,388
'0:1:6.5,391
'0:1:6.52,386
'0:1:6.54,375
'0:1:6.56,363
'0:1:6.58,350
'0:1:6.6,338
'0:1:6.62,329
'0:1:6.64,322
'0:1:6.66,318
'0:1:6.68,315
'0:1:6.7,314
'0:1:6.72,314
'0:1:6.74,315
'0:1:6.76,317
'0:1:6.78,315
'0:1:6.8,317
'0:1:6.82,318
'0:1:6.84,318
'0:1:6.86,317
'0:1:6.88,314
'0:1:6.9,310
'0:1:6.92,306
'0:1:6.94,302
'0:1:6.96,302
'0:1:6.98,302
'0:1:7.0,303
'0:1:7.02,306
'0:1:7.04,307
'0:1:7.06,310
'0:1:7.08,311
'0:1:7.1,310
'0:1:7.12,311
'0:1:7.14,312
'0:1:7.16,317
'0:1:7.18,330
'0:1:7.2,352
'0:1:7.22,374
'0:1:7.24,389
'0:1:7.26,397
'0:1:7.28,396
'0:1:7.3,389
'0:1:7.32,379
'0:1:7.34,365
'0:1:7.36,351
'0:1:7.38,341
'0:1:7.4,334
'0:1:7.42,329
'0:1:7.44,324
'0:1:7.46,323
'0:1:7.48,323
'0:1:7.5,325
'0:1:7.52,327
'0:1:7.54,331
'0:1:7.56,334
'0:1:7.58,338
'0:1:7.6,337
'0:1:7.62,335
'0:1:7.64,332
'0:1:7.66,328
'0:1:7.68,325
'0:1:7.7,324
'0:1:7.72,322
'0:1:7.74,320
'0:1:7.76,320
'0:1:7.78,315
'0:1:7.8,316
'0:1:7.82,316
'0:1:7.84,314
'0:1:7.86,313
'0:1:7.88,313
'0:1:7.9,323
'0:1:7.92,344
'0:1:7.94,368
'0:1:7.96,386
'0:1:7.98,393
'0:1:8.0,390
'0:1:8.02,382
'0:1:8.04,369
'0:1:8.06,356
'0:1:8.08,341
'0:1:8.1,329
'0:1:8.12,320
'0:1:8.14,311
'0:1:8.16,307
'0:1:8.18,304
'0:1:8.2,306
'0:1:8.22,311
'0:1:8.24,315
'0:1:8.26,321
'0:1:8.28,324
'0:1:8.3,326
'0:1:8.32,326
'0:1:8.34,323
'0:1:8.36,321
'0:1:8.38,317
'0:1:8.4,313
'0:1:8.42,311
'0:1:8.44,310
'0:1:8.46,311
'0:1:8.48,310
'0:1:8.5,309
'0:1:8.52,309
'0:1:8.54,308
'0:1:8.56,306
'0:1:8.58,307
'0:1:8.6,318
'0:1:8.62,340
'0:1:8.64,364
'0:1:8.66,383
'0:1:8.68,389
'0:1:8.7,386
'0:1:8.72,376
'0:1:8.74,362
'0:1:8.76,348
'0:1:8.78,331
'0:1:8.8,321
'0:1:8.82,315
'0:1:8.84,307
'0:1:8.86,305
'0:1:8.88,305
'0:1:8.9,307
'0:1:8.92,311
'0:1:8.94,315
'0:1:8.96,322
'0:1:8.98,326
'0:1:9.0,329
'0:1:9.02,330
'0:1:9.04,329
'0:1:9.06,328
'0:1:9.08,325
'0:1:9.1,322
'0:1:9.12,319
'0:1:9.14,317
'0:1:9.16,318
'0:1:9.18,319
'0:1:9.2,320
'0:1:9.22,321
'0:1:9.24,321
'0:1:9.26,322
'0:1:9.28,322
'0:1:9.3,325
'0:1:9.32,326
'0:1:9.34,331
'0:1:9.36,348
'0:1:9.38,368
'0:1:9.4,385
'0:1:9.42,393
'0:1:9.44,390
'0:1:9.46,382
'0:1:9.48,372
'0:1:9.5,362
'0:1:9.52,352
'0:1:9.54,344
'0:1:9.56,338
'0:1:9.58,330
'0:1:9.6,323
'0:1:9.62,316
'0:1:9.64,312
'0:1:9.66,311
'0:1:9.68,313
'0:1:9.7,317
'0:1:9.72,321
'0:1:9.74,323
'0:1:9.76,325
'0:1:9.78,323
'0:1:9.8,328
'0:1:9.82,330
'0:1:9.84,330
'0:1:9.86,329
'0:1:9.88,324
'0:1:9.9,321
'0:1:9.92,317
'0:1:9.94,316
'0:1:9.96,315
'0:1:9.98,313
'0:1:10.0,318
'0:1:10.02,334
'0:1:10.04,357
'0:1:10.06,378
'0:1:10.08,388
'0:1:10.1,388
'0:1:10.12,378
'0:1:10.14,367
'0:1:10.16,355
'0:1:10.18,341
'0:1:10.2,329
'0:1:10.22,320
'0:1:10.24,312
'0:1:10.26,307
'0:1:10.28,304
'0:1:10.3,305
'0:1:10.32,306
'0:1:10.34,310
'0:1:10.36,315
'0:1:10.38,318
'0:1:10.4,321
'0:1:10.42,322
'0:1:10.44,321
'0:1:10.46,321
'0:1:10.48,318
'0:1:10.5,318
'0:1:10.52,317
'0:1:10.54,317
'0:1:10.56,318
'0:1:10.58,316
'0:1:10.6,314
'0:1:10.62,310
'0:1:10.64,307
'0:1:10.66,307
'0:1:10.68,308
'0:1:10.7,322
'0:1:10.72,345
'0:1:10.74,368
'0:1:10.76,386
'0:1:10.78,388
'0:1:10.8,387
'0:1:10.82,380
'0:1:10.84,370
'0:1:10.86,359
'0:1:10.88,347
'0:1:10.9,337
'0:1:10.92,330
'0:1:10.94,325
'0:1:10.96,322
'0:1:10.98,318
'0:1:11.0,319
'0:1:11.02,321
'0:1:11.04,325
'0:1:11.06,329
'0:1:11.08,333
'0:1:11.1,336
'0:1:11.12,337
'0:1:11.14,336
'0:1:11.16,335
'0:1:11.18,332
'0:1:11.2,330
'0:1:11.22,326
'0:1:11.24,324
'0:1:11.26,323
'0:1:11.28,321
'0:1:11.3,320
'0:1:11.32,320
'0:1:11.34,321
'0:1:11.36,322
'0:1:11.38,327
'0:1:11.4,342
'0:1:11.42,363
'0:1:11.44,379
'0:1:11.46,387
'0:1:11.48,386
'0:1:11.5,380
'0:1:11.52,371
'0:1:11.54,361
'0:1:11.56,351
'0:1:11.58,340
'0:1:11.6,331
'0:1:11.62,323
'0:1:11.64,317
'0:1:11.66,317
'0:1:11.68,318
'0:1:11.7,321
'0:1:11.72,324
'0:1:11.74,327
'0:1:11.76,328
'0:1:11.78,324
'0:1:11.8,325
'0:1:11.82,324
'0:1:11.84,320
'0:1:11.86,317
'0:1:11.88,314
'0:1:11.9,312
'0:1:11.92,308
'0:1:11.94,306
'0:1:11.96,305
'0:1:11.98,305
'0:1:12.0,307
'0:1:12.02,316
'0:1:12.04,336
'0:1:12.06,361
'0:1:12.08,383
'0:1:12.1,397
'0:1:12.12,396
'0:1:12.14,387
'0:1:12.16,374
'0:1:12.18,360
'0:1:12.2,349
'0:1:12.22,337
'0:1:12.24,327
'0:1:12.26,319
'0:1:12.28,314
'0:1:12.3,313
'0:1:12.32,312
'0:1:12.34,316
'0:1:12.36,321
'0:1:12.38,326
'0:1:12.4,330
'0:1:12.42,330
'0:1:12.44,330
'0:1:12.46,327
'0:1:12.48,323
'0:1:12.5,319
'0:1:12.52,315
'0:1:12.54,314
'0:1:12.56,313
'0:1:12.58,311
'0:1:12.6,312
'0:1:12.62,311
'0:1:12.64,310
'0:1:12.66,310
'0:1:12.68,310
'0:1:12.7,317
'0:1:12.72,331
'0:1:12.74,354
'0:1:12.76,377
'0:1:12.78,389
'0:1:12.8,395
'0:1:12.82,390
'0:1:12.84,381
'0:1:12.86,370
'0:1:12.88,358
'0:1:12.9,349
'0:1:12.92,340
'0:1:12.94,334
'0:1:12.96,329
'0:1:12.98,324
'0:1:13.0,321
'0:1:13.02,320
'0:1:13.04,321
'0:1:13.06,323
'0:1:13.08,327
'0:1:13.1,332
'0:1:13.12,335
'0:1:13.14,336
'0:1:13.16,336
'0:1:13.18,332
'0:1:13.2,330
'0:1:13.22,327
'0:1:13.24,324
'0:1:13.26,322
'0:1:13.28,320
'0:1:13.3,320
'0:1:13.32,318
'0:1:13.34,316
'0:1:13.36,313
'0:1:13.38,313
'0:1:13.4,326
'0:1:13.42,347
'0:1:13.44,368
'0:1:13.46,383
'0:1:13.48,389
'0:1:13.5,387
'0:1:13.52,379
'0:1:13.54,370
'0:1:13.56,361
'0:1:13.58,349
'0:1:13.6,339
'0:1:13.62,328
'0:1:13.64,320
'0:1:13.66,314
'0:1:13.68,310
'0:1:13.7,311
'0:1:13.72,314
'0:1:13.74,319
'0:1:13.76,323
'0:1:13.78,322
'0:1:13.8,325
'0:1:13.82,325
'0:1:13.84,324
'0:1:13.86,322
'0:1:13.88,318
'0:1:13.9,315
'0:1:13.92,312
'0:1:13.94,310
'0:1:13.96,307
'0:1:13.98,306
'0:1:14.0,306
'0:1:14.02,307
'0:1:14.04,313
'0:1:14.06,330
'0:1:14.08,354
'0:1:14.1,376
'0:1:14.12,388
'0:1:14.14,389
'0:1:14.16,382
'0:1:14.18,370
'0:1:14.2,357
'0:1:14.22,343
'0:1:14.24,332
'0:1:14.26,324
'0:1:14.28,318
'0:1:14.3,315
'0:1:14.32,313
'0:1:14.34,314
'0:1:14.36,316
'0:1:14.38,318
'0:1:14.4,321
'0:1:14.42,324
'0:1:14.44,327
'0:1:14.46,328
'0:1:14.48,326
'0:1:14.5,325
'0:1:14.52,322
'0:1:14.54,319
'0:1:14.56,317
'0:1:14.58,316
'0:1:14.6,316
'0:1:14.62,314
'0:1:14.64,312
'0:1:14.66,311
'0:1:14.68,311
'0:1:14.7,315
'0:1:14.72,321
'0:1:14.74,333
'0:1:14.76,352
'0:1:14.78,368
'0:1:14.8,385
'0:1:14.82,394
'0:1:14.84,393
'0:1:14.86,388
'0:1:14.88,377
'0:1:14.9,364
'0:1:14.92,352
'0:1:14.94,340
'0:1:14.96,332
'0:1:14.98,325
'0:1:15.0,321
'0:1:15.02,320
'0:1:15.04,322
'0:1:15.06,325
'0:1:15.08,328
'0:1:15.1,332
'0:1:15.12,334
'0:1:15.14,334
'0:1:15.16,333
'0:1:15.18,329
'0:1:15.2,324
'0:1:15.22,321
'0:1:15.24,317
'0:1:15.26,319
'0:1:15.28,319
'0:1:15.3,320
'0:1:15.32,319
'0:1:15.34,317
'0:1:15.36,318
'0:1:15.38,323
'0:1:15.4,341
'0:1:15.42,364
'0:1:15.44,383
'0:1:15.46,394
'0:1:15.48,392
'0:1:15.5,383
'0:1:15.52,370
'0:1:15.54,355
'0:1:15.56,341
'0:1:15.58,328
'0:1:15.6,319
'0:1:15.62,312
'0:1:15.64,308
'0:1:15.66,309
'0:1:15.68,311
'0:1:15.7,315
'0:1:15.72,320
'0:1:15.74,324
'0:1:15.76,328
'0:1:15.78,326
'0:1:15.8,328
'0:1:15.82,326
'0:1:15.84,322
'0:1:15.86,319
'0:1:15.88,315
'0:1:15.9,313
'0:1:15.92,311
'0:1:15.94,310
'0:1:15.96,309
'0:1:15.98,308
'0:1:16.0,309
'0:1:16.02,313
'0:1:16.04,326
'0:1:16.06,350
'0:1:16.08,373
'0:1:16.1,390
'0:1:16.12,395
'0:1:16.14,389
'0:1:16.16,379
'0:1:16.18,363
'0:1:16.2,347
'0:1:16.22,333
'0:1:16.24,322
'0:1:16.26,315
'0:1:16.28,308
'0:1:16.3,306
'0:1:16.32,304
'0:1:16.34,305
'0:1:16.36,309
'0:1:16.38,312
'0:1:16.4,317
'0:1:16.42,321
'0:1:16.44,325
'0:1:16.46,329
'0:1:16.48,328
'0:1:16.5,324
'0:1:16.52,319
'0:1:16.54,318
'0:1:16.56,321
'0:1:16.58,321
'0:1:16.6,321
'0:1:16.62,320
'0:1:16.64,318
'0:1:16.66,317
'0:1:16.68,317
'0:1:16.7,318
'0:1:16.72,318
'0:1:16.74,322
'0:1:16.76,337
'0:1:16.78,354
'0:1:16.8,374
'0:1:16.82,386
'0:1:16.84,389
'0:1:16.86,385
'0:1:16.88,377
'0:1:16.9,368
'0:1:16.92,358
'0:1:16.94,348
'0:1:16.96,341
'0:1:16.98,333
'0:1:17.0,325
'0:1:17.02,318
'0:1:17.04,314
'0:1:17.06,313
'0:1:17.08,314
'0:1:17.1,318
'0:1:17.12,321
'0:1:17.14,324
'0:1:17.16,329
'0:1:17.18,333
'0:1:17.2,337
'0:1:17.22,338
'0:1:17.24,336
'0:1:17.26,332
'0:1:17.28,327
'0:1:17.3,324
'0:1:17.32,321
'0:1:17.34,319
'0:1:17.36,316
'0:1:17.38,317
'0:1:17.4,329
'0:1:17.42,348
'0:1:17.44,368
'0:1:17.46,383
'0:1:17.48,387
'0:1:17.5,383
'0:1:17.52,373
'0:1:17.54,360
'0:1:17.56,348
'0:1:17.58,336
'0:1:17.6,327
'0:1:17.62,320
'0:1:17.64,315
'0:1:17.66,312
'0:1:17.68,311
'0:1:17.7,311
'0:1:17.72,314
'0:1:17.74,317
'0:1:17.76,321
'0:1:17.78,320
'0:1:17.8,320
'0:1:17.82,320
'0:1:17.84,319
'0:1:17.86,317
'0:1:17.88,315
'0:1:17.9,314
'0:1:17.92,314
'0:1:17.94,314
'0:1:17.96,314
'0:1:17.98,312
'0:1:18.0,310
'0:1:18.02,308
'0:1:18.04,307
'0:1:18.06,315
'0:1:18.08,332
'0:1:18.1,356
'0:1:18.12,375
'0:1:18.14,384
'0:1:18.16,384
'0:1:18.18,377
'0:1:18.2,367
'0:1:18.22,355
'0:1:18.24,345
'0:1:18.26,336
'0:1:18.28,326
'0:1:18.3,319
'0:1:18.32,313
'0:1:18.34,311
'0:1:18.36,314
'0:1:18.38,318
'0:1:18.4,324
'0:1:18.42,331
'0:1:18.44,336
'0:1:18.46,340
'0:1:18.48,340
'0:1:18.5,340
'0:1:18.52,336
'0:1:18.54,332
'0:1:18.56,330
'0:1:18.58,328
'0:1:18.6,326
'0:1:18.62,325
'0:1:18.64,324
'0:1:18.66,324
'0:1:18.68,323
'0:1:18.7,324
'0:1:18.72,326
'0:1:18.74,334
'0:1:18.76,351
'0:1:18.78,365
'0:1:18.8,380
'0:1:18.82,385
'0:1:18.84,382
'0:1:18.86,375
'0:1:18.88,364
'0:1:18.9,353
'0:1:18.92,343
'0:1:18.94,334
'0:1:18.96,327
'0:1:18.98,318
'0:1:19.0,313
'0:1:19.02,310
'0:1:19.04,312
'0:1:19.06,318
'0:1:19.08,325
'0:1:19.1,335
'0:1:19.12,339
'0:1:19.14,340
'0:1:19.16,337
'0:1:19.18,331
'0:1:19.2,326
'0:1:19.22,320
'0:1:19.24,316
'0:1:19.26,315
'0:1:19.28,313
'0:1:19.3,312
'0:1:19.32,312
'0:1:19.34,312
'0:1:19.36,317
'0:1:19.38,329
'0:1:19.4,351
'0:1:19.42,373
'0:1:19.44,387
'0:1:19.46,389
'0:1:19.48,380
'0:1:19.5,369
'0:1:19.52,356
'0:1:19.54,344
'0:1:19.56,335
'0:1:19.58,326
'0:1:19.6,320
'0:1:19.62,316
'0:1:19.64,314
'0:1:19.66,316
'0:1:19.68,317
'0:1:19.7,320
'0:1:19.72,323
'0:1:19.74,325
'0:1:19.76,328
'0:1:19.78,325
'0:1:19.8,326
'0:1:19.82,326
'0:1:19.84,323
'0:1:19.86,320
'0:1:19.88,315
'0:1:19.9,312
'0:1:19.92,308
'0:1:19.94,304
'0:1:19.96,304
'0:1:19.98,302
'0:1:20.0,305
'0:1:20.02,307
'0:1:20.04,313
'0:1:20.06,325
'0:1:20.08,346
'0:1:20.1,368
'0:1:20.12,384
'0:1:20.14,390
'0:1:20.16,387
'0:1:20.18,377
'0:1:20.2,367
'0:1:20.22,356
'0:1:20.24,345
'0:1:20.26,338
'0:1:20.28,331
'0:1:20.3,328
'0:1:20.32,324
'0:1:20.34,322
'0:1:20.36,320
'0:1:20.38,323
'0:1:20.4,328
'0:1:20.42,332
'0:1:20.44,335
'0:1:20.46,335
'0:1:20.48,335
'0:1:20.5,335
'0:1:20.52,332
'0:1:20.54,329
'0:1:20.56,329
'0:1:20.58,329
'0:1:20.6,328
'0:1:20.62,325
'0:1:20.64,323
'0:1:20.66,321
'0:1:20.68,320
'0:1:20.7,318
'0:1:20.72,316
'0:1:20.74,324
'0:1:20.76,343
'0:1:20.78,360
'0:1:20.8,376
'0:1:20.82,383
'0:1:20.84,381
'0:1:20.86,375
'0:1:20.88,368
'0:1:20.9,362
'0:1:20.92,352
'0:1:20.94,342
'0:1:20.96,332
'0:1:20.98,323
'0:1:21.0,320
'0:1:21.02,318
'0:1:21.04,319
'0:1:21.06,322
'0:1:21.08,326
'0:1:21.1,331
'0:1:21.12,332
'0:1:21.14,333
'0:1:21.16,333
'0:1:21.18,330
'0:1:21.2,326
'0:1:21.22,320
'0:1:21.24,316
'0:1:21.26,314
'0:1:21.28,311
'0:1:21.3,310
'0:1:21.32,308
'0:1:21.34,306
'0:1:21.36,306
'0:1:21.38,308
'0:1:21.4,316
'0:1:21.42,332
'0:1:21.44,356
'0:1:21.46,376
'0:1:21.48,385
'0:1:21.5,383
'0:1:21.52,373
'0:1:21.54,362
'0:1:21.56,350
'0:1:21.58,340
'0:1:21.6,331
'0:1:21.62,323
'0:1:21.64,317
'0:1:21.66,315
'0:1:21.68,313
'0:1:21.7,314
'0:1:21.72,316
'0:1:21.74,321
'0:1:21.76,323
'0:1:21.78,322
'0:1:21.8,325
'0:1:21.82,325
'0:1:21.84,325
'0:1:21.86,322
'0:1:21.88,318
'0:1:21.9,315
'0:1:21.92,312
'0:1:21.94,310
'0:1:21.96,308
'0:1:21.98,307
'0:1:22.0,308
'0:1:22.02,308
'0:1:22.04,310
'0:1:22.06,310
'0:1:22.08,310
'0:1:22.1,311
'0:1:22.12,315
'0:1:22.14,329
'0:1:22.16,351
'0:1:22.18,372
'0:1:22.2,386
'0:1:22.22,388
'0:1:22.24,381
'0:1:22.26,371
'0:1:22.28,358
'0:1:22.3,346
'0:1:22.32,334
'0:1:22.34,326
'0:1:22.36,319
'0:1:22.38,314
'0:1:22.4,312
'0:1:22.42,312
'0:1:22.44,315
'0:1:22.46,319
'0:1:22.48,322
'0:1:22.5,325
'0:1:22.52,325
'0:1:22.54,326
'0:1:22.56,324
'0:1:22.58,322
'0:1:22.6,319
'0:1:22.62,316
'0:1:22.64,314
'0:1:22.66,312
'0:1:22.68,310
'0:1:22.7,309
'0:1:22.72,308
'0:1:22.74,310
'0:1:22.76,309
'0:1:22.78,307
'0:1:22.8,309
'0:1:22.82,312
'0:1:22.84,322
'0:1:22.86,340
'0:1:22.88,363
'0:1:22.9,380
'0:1:22.92,384
'0:1:22.94,385
'0:1:22.96,376
'0:1:22.98,365
'0:1:23.0,352
'0:1:23.02,338
'0:1:23.04,328
'0:1:23.06,319
'0:1:23.08,314
'0:1:23.1,310
'0:1:23.12,309
'0:1:23.14,311
'0:1:23.16,314
'0:1:23.18,319
'0:1:23.2,322
'0:1:23.22,324
'0:1:23.24,326
'0:1:23.26,326
'0:1:23.28,325
'0:1:23.3,323
'0:1:23.32,320
'0:1:23.34,318
'0:1:23.36,315
'0:1:23.38,315
'0:1:23.4,312
'0:1:23.42,311
'0:1:23.44,311
'0:1:23.46,310
'0:1:23.48,310
'0:1:23.5,310
'0:1:23.52,310
'0:1:23.54,315
'0:1:23.56,326
'0:1:23.58,348
'0:1:23.6,370
'0:1:23.62,386
'0:1:23.64,393
'0:1:23.66,387
'0:1:23.68,376
'0:1:23.7,363
'0:1:23.72,349
'0:1:23.74,337
'0:1:23.76,327
'0:1:23.78,318
'0:1:23.8,315
'0:1:23.82,312
'0:1:23.84,311
'0:1:23.86,313
'0:1:23.88,317
'0:1:23.9,321
'0:1:23.92,326
'0:1:23.94,329
'0:1:23.96,329
'0:1:23.98,327
'0:1:24.0,324
'0:1:24.02,321
'0:1:24.04,317
'0:1:24.06,314
'0:1:24.08,312
'0:1:24.1,309
'0:1:24.12,308
'0:1:24.14,309
'0:1:24.16,308
'0:1:24.18,308
'0:1:24.2,307
'0:1:24.22,312
'0:1:24.24,326
'0:1:24.26,347
'0:1:24.28,369
'0:1:24.3,381
'0:1:24.32,385
'0:1:24.34,380
'0:1:24.36,369
'0:1:24.38,356
'0:1:24.4,342
'0:1:24.42,331
'0:1:24.44,323
'0:1:24.46,316
'0:1:24.48,312
'0:1:24.5,309
'0:1:24.52,312
'0:1:24.54,315
'0:1:24.56,319
'0:1:24.58,324
'0:1:24.6,328
'0:1:24.62,330
'0:1:24.64,330
'0:1:24.66,328
'0:1:24.68,326
'0:1:24.7,321
'0:1:24.72,318
'0:1:24.74,315
'0:1:24.76,313
'0:1:24.78,309
'0:1:24.8,308
'0:1:24.82,310
'0:1:24.84,311
'0:1:24.86,314
'0:1:24.88,325
'0:1:24.9,343
'0:1:24.92,366
'0:1:24.94,381
'0:1:24.96,386
'0:1:24.98,382
'0:1:25.0,371
'0:1:25.02,359
'0:1:25.04,345
'0:1:25.06,334
'0:1:25.08,325
'0:1:25.1,316
'0:1:25.12,312
'0:1:25.14,308
'0:1:25.16,309
'0:1:25.18,312
'0:1:25.2,317
'0:1:25.22,324
'0:1:25.24,327
'0:1:25.26,329
'0:1:25.28,329
'0:1:25.3,326
'0:1:25.32,325
'0:1:25.34,320
'0:1:25.36,319
'0:1:25.38,317
'0:1:25.4,314
'0:1:25.42,312
'0:1:25.44,311
'0:1:25.46,310
'0:1:25.48,309
'0:1:25.5,311
'0:1:25.52,314
'0:1:25.54,320
'0:1:25.56,336
'0:1:25.58,359
'0:1:25.6,378
'0:1:25.62,389
'0:1:25.64,389
'0:1:25.66,381
'0:1:25.68,368
'0:1:25.7,353
'0:1:25.72,340
'0:1:25.74,329
'0:1:25.76,320
'0:1:25.78,310
'0:1:25.8,307
'0:1:25.82,309
'0:1:25.84,312
'0:1:25.86,317
'0:1:25.88,322
'0:1:25.9,326
'0:1:25.92,330
'0:1:25.94,329
'0:1:25.96,329
'0:1:25.98,326
'0:1:26.0,323
'0:1:26.02,320
'0:1:26.04,317
'0:1:26.06,315
'0:1:26.08,312
'0:1:26.1,310
'0:1:26.12,310
'0:1:26.14,310
'0:1:26.16,310
'0:1:26.18,311
'0:1:26.2,312
'0:1:26.22,315
'0:1:26.24,322
'0:1:26.26,341
'0:1:26.28,364
'0:1:26.3,381
'0:1:26.32,390
'0:1:26.34,388
'0:1:26.36,380
'0:1:26.38,367
'0:1:26.4,353
'0:1:26.42,340
'0:1:26.44,329
'0:1:26.46,321
'0:1:26.48,315
'0:1:26.5,312
'0:1:26.52,311
'0:1:26.54,311
'0:1:26.56,317
'0:1:26.58,322
'0:1:26.6,327
'0:1:26.62,331
'0:1:26.64,332
'0:1:26.66,331
'0:1:26.68,328
'0:1:26.7,327
'0:1:26.72,323
'0:1:26.74,318
'0:1:26.76,314
'0:1:26.78,311
'0:1:26.8,312
'0:1:26.82,311
'0:1:26.84,311
'0:1:26.86,312
'0:1:26.88,312
'0:1:26.9,313
'0:1:26.92,315
'0:1:26.94,319
'0:1:26.96,330
'0:1:26.98,350
'0:1:27.0,373
'0:1:27.02,389
'0:1:27.04,394
'0:1:27.06,390
'0:1:27.08,380
'0:1:27.1,368
'0:1:27.12,353
'0:1:27.14,339
'0:1:27.16,328
'0:1:27.18,319
'0:1:27.2,313
'0:1:27.22,310
'0:1:27.24,310
'0:1:27.26,314
'0:1:27.28,317
'0:1:27.3,324
'0:1:27.32,329
'0:1:27.34,330
'0:1:27.36,331
'0:1:27.38,328
'0:1:27.4,327
'0:1:27.42,323
'0:1:27.44,320
'0:1:27.46,318
'0:1:27.48,316
'0:1:27.5,314
'0:1:27.52,311
'0:1:27.54,310
'0:1:27.56,312
'0:1:27.58,312
'0:1:27.6,314
'0:1:27.62,315
'0:1:27.64,317
'0:1:27.66,319
'0:1:27.68,324
'0:1:27.7,340
'0:1:27.72,362
'0:1:27.74,382
'0:1:27.76,393
'0:1:27.78,392
'0:1:27.8,389
'0:1:27.82,377
'0:1:27.84,363
'0:1:27.86,349
'0:1:27.88,336
'0:1:27.9,329
'0:1:27.92,321
'0:1:27.94,317
'0:1:27.96,315
'0:1:27.98,315
'0:1:28.0,319
'0:1:28.02,322
'0:1:28.04,324
'0:1:28.06,330
'0:1:28.08,332
'0:1:28.1,332
'0:1:28.12,329
'0:1:28.14,326
'0:1:28.16,324
'0:1:28.18,320
'0:1:28.2,318
'0:1:28.22,315
'0:1:28.24,313
'0:1:28.26,313
'0:1:28.28,312
'0:1:28.3,314
'0:1:28.32,313
'0:1:28.34,314
'0:1:28.36,315
'0:1:28.38,316
'0:1:28.4,319
'0:1:28.42,323
'0:1:28.44,338
'0:1:28.46,361
'0:1:28.48,380
'0:1:28.5,394
'0:1:28.52,396
'0:1:28.54,390
'0:1:28.56,379
'0:1:28.58,366
'0:1:28.6,352
'0:1:28.62,339
'0:1:28.64,329
'0:1:28.66,322
'0:1:28.68,316
'0:1:28.7,315
'0:1:28.72,314
'0:1:28.74,318
'0:1:28.76,323
'0:1:28.78,325
'0:1:28.8,331
'0:1:28.82,333
'0:1:28.84,335
'0:1:28.86,332
'0:1:28.88,328
'0:1:28.9,326
'0:1:28.92,323
'0:1:28.94,320
'0:1:28.96,316
'0:1:28.98,314
'0:1:29.0,313
'0:1:29.02,311
'0:1:29.04,310
'0:1:29.06,311
'0:1:29.08,313
'0:1:29.1,315
'0:1:29.12,317
'0:1:29.14,320
'0:1:29.16,321
'0:1:29.18,326
'0:1:29.2,341
'0:1:29.22,362
'0:1:29.24,382
'0:1:29.26,394
'0:1:29.28,397
'0:1:29.3,392
'0:1:29.32,380
'0:1:29.34,368
'0:1:29.36,353
'0:1:29.38,341
'0:1:29.4,333
'0:1:29.42,325
'0:1:29.44,320
'0:1:29.46,317
'0:1:29.48,317
'0:1:29.5,321
'0:1:29.52,324
'0:1:29.54,328
'0:1:29.56,331
'0:1:29.58,332
'0:1:29.6,332
'0:1:29.62,328
'0:1:29.64,326
'0:1:29.66,322
'0:1:29.68,319
'0:1:29.7,318
'0:1:29.72,315
'0:1:29.74,315
'0:1:29.76,314
'0:1:29.78,311
'0:1:29.8,314
'0:1:29.82,315
'0:1:29.84,317
'0:1:29.86,318
'0:1:29.88,318
'0:1:29.9,320
'0:1:29.92,320
'0:1:29.94,322
'0:1:29.96,331
'0:1:29.98,350
'0:1:30.0,373
'0:1:30.02,389
'0:1:30.04,398
'0:1:30.06,396
'0:1:30.08,386
'0:1:30.1,375
'0:1:30.12,360
'0:1:30.14,348
'0:1:30.16,337
'0:1:30.18,327
'0:1:30.2,322
'0:1:30.22,317
'0:1:30.24,316
'0:1:30.26,316
'0:1:30.28,320
'0:1:30.3,326
'0:1:30.32,329
'0:1:30.34,332
'0:1:30.36,333
'0:1:30.38,332
'0:1:30.4,331
'0:1:30.42,328
'0:1:30.44,325
'0:1:30.46,321
'0:1:30.48,317
'0:1:30.5,315
'0:1:30.52,313
'0:1:30.54,312
'0:1:30.56,311
'0:1:30.58,311
'0:1:30.6,312
'0:1:30.62,315
'0:1:30.64,318
'0:1:30.66,319
'0:1:30.68,321
'0:1:30.7,323
'0:1:30.72,323
'0:1:30.74,330
'0:1:30.76,347
'0:1:30.78,367
'0:1:30.8,387
'0:1:30.82,396
'0:1:30.84,395
'0:1:30.86,387
'0:1:30.88,375
'0:1:30.9,363
'0:1:30.92,349
'0:1:30.94,339
'0:1:30.96,331
'0:1:30.98,326
'0:1:31.0,324
'0:1:31.02,322
'0:1:31.04,324
'0:1:31.06,327
'0:1:31.08,330
'0:1:31.1,334
'0:1:31.12,334
'0:1:31.14,334
'0:1:31.16,332
'0:1:31.18,329
'0:1:31.2,327
'0:1:31.22,323
'0:1:31.24,322
'0:1:31.26,320
'0:1:31.28,319
'0:1:31.3,318
'0:1:31.32,316
'0:1:31.34,316
'0:1:31.36,316
'0:1:31.38,317
'0:1:31.4,319
'0:1:31.42,319
'0:1:31.44,322
'0:1:31.46,322
'0:1:31.48,321
'0:1:31.5,320
'0:1:31.52,321
'0:1:31.54,325
'0:1:31.56,337
'0:1:31.58,359
'0:1:31.6,382
'0:1:31.62,396
'0:1:31.64,401
'0:1:31.66,397
'0:1:31.68,387
'0:1:31.7,375
'0:1:31.72,361
'0:1:31.74,350
'0:1:31.76,341
'0:1:31.78,330
'0:1:31.8,328
'0:1:31.82,326
'0:1:31.84,324
'0:1:31.86,324
'0:1:31.88,326
'0:1:31.9,331
'0:1:31.92,334
'0:1:31.94,334
'0:1:31.96,333
'0:1:31.98,331
'0:1:32.0,329
'0:1:32.02,325
'0:1:32.04,322
'0:1:32.06,320
'0:1:32.08,317
'0:1:32.1,315
'0:1:32.12,313
'0:1:32.14,312
'0:1:32.16,312
'0:1:32.18,312
'0:1:32.2,314
'0:1:32.22,314
'0:1:32.24,316
'0:1:32.26,316
'0:1:32.28,316
'0:1:32.3,316
'0:1:32.32,315
'0:1:32.34,317
'0:1:32.36,325
'0:1:32.38,342
'0:1:32.4,366
'0:1:32.42,383
'0:1:32.44,394
'0:1:32.46,395
'0:1:32.48,387
'0:1:32.5,376
'0:1:32.52,364
'0:1:32.54,354
'0:1:32.56,344
'0:1:32.58,335
'0:1:32.6,329
'0:1:32.62,324
'0:1:32.64,322
'0:1:32.66,321
'0:1:32.68,322
'0:1:32.7,327
'0:1:32.72,329
'0:1:32.74,332
'0:1:32.76,333
'0:1:32.78,328
'0:1:32.8,327
'0:1:32.82,325
'0:1:32.84,323
'0:1:32.86,320
'0:1:32.88,317
'0:1:32.9,314
'0:1:32.92,311
'0:1:32.94,310
'0:1:32.96,309
'0:1:32.98,310
'0:1:33.0,311
'0:1:33.02,311
'0:1:33.04,313
'0:1:33.06,314
'0:1:33.08,315
'0:1:33.1,316
'0:1:33.12,316
'0:1:33.14,317
'0:1:33.16,316
'0:1:33.18,319
'0:1:33.2,328
'0:1:33.22,346
'0:1:33.24,368
'0:1:33.26,385
'0:1:33.28,393
'0:1:33.3,392
'0:1:33.32,382
'0:1:33.34,371
'0:1:33.36,358
'0:1:33.38,346
'0:1:33.4,337
'0:1:33.42,330
'0:1:33.44,325
'0:1:33.46,321
'0:1:33.48,319
'0:1:33.5,320
'0:1:33.52,322
'0:1:33.54,327
'0:1:33.56,330
'0:1:33.58,333
'0:1:33.6,335
'0:1:33.62,333
'0:1:33.64,331
'0:1:33.66,327
'0:1:33.68,324
'0:1:33.7,322
'0:1:33.72,318
'0:1:33.74,317
'0:1:33.76,315
'0:1:33.78,311
'0:1:33.8,313
'0:1:33.82,314
'0:1:33.84,315
'0:1:33.86,316
'0:1:33.88,317
'0:1:33.9,318
'0:1:33.92,319
'0:1:33.94,321
'0:1:33.96,320
'0:1:33.98,320
'0:1:34.0,321
'0:1:34.02,323
'0:1:34.04,334
'0:1:34.06,354
'0:1:34.08,375
'0:1:34.1,391
'0:1:34.12,395
'0:1:34.14,391
'0:1:34.16,381
'0:1:34.18,369
'0:1:34.2,356
'0:1:34.22,343
'0:1:34.24,335
'0:1:34.26,327
'0:1:34.28,323
'0:1:34.3,320
'0:1:34.32,319
'0:1:34.34,322
'0:1:34.36,326
'0:1:34.38,331
'0:1:34.4,334
'0:1:34.42,335
'0:1:34.44,333
'0:1:34.46,331
'0:1:34.48,328
'0:1:34.5,325
'0:1:34.52,322
'0:1:34.54,319
'0:1:34.56,315
'0:1:34.58,314
'0:1:34.6,313
'0:1:34.62,313
'0:1:34.64,315
'0:1:34.66,315
'0:1:34.68,317
'0:1:34.7,318
'0:1:34.72,319
'0:1:34.74,321
'0:1:34.76,321
'0:1:34.78,318
'0:1:34.8,320
'0:1:34.82,323
'0:1:34.84,334
'0:1:34.86,350
'0:1:34.88,371
'0:1:34.9,389
'0:1:34.92,395
'0:1:34.94,393
'0:1:34.96,384
'0:1:34.98,373
'0:1:35.0,361
'0:1:35.02,349
'0:1:35.04,340
'0:1:35.06,331
'0:1:35.08,325
'0:1:35.1,323
'0:1:35.12,321
'0:1:35.14,324
'0:1:35.16,326
'0:1:35.18,330
'0:1:35.2,332
'0:1:35.22,333
'0:1:35.24,334
'0:1:35.26,331
'0:1:35.28,329
'0:1:35.3,327
'0:1:35.32,323
'0:1:35.34,320
'0:1:35.36,318
'0:1:35.38,316
'0:1:35.4,315
'0:1:35.42,313
'0:1:35.44,314
'0:1:35.46,314
'0:1:35.48,315
'0:1:35.5,316
'0:1:35.52,318
'0:1:35.54,320
'0:1:35.56,321
'0:1:35.58,322
'0:1:35.6,321
'0:1:35.62,320
'0:1:35.64,322
'0:1:35.66,331
'0:1:35.68,349
'0:1:35.7,370
'0:1:35.72,385
'0:1:35.74,394
'0:1:35.76,393
'0:1:35.78,383
'0:1:35.8,373
'0:1:35.82,362
'0:1:35.84,354
'0:1:35.86,346
'0:1:35.88,341
'0:1:35.9,337
'0:1:35.92,334
'0:1:35.94,333
'0:1:35.96,332
'0:1:35.98,333
'0:1:36.0,334
'0:1:36.02,335
'0:1:36.04,335
'0:1:36.06,333
'0:1:36.08,333
'0:1:36.1,331
'0:1:36.12,328
'0:1:36.14,326
'0:1:36.16,322
'0:1:36.18,320
'0:1:36.2,319
'0:1:36.22,319
'0:1:36.24,319
'0:1:36.26,317
'0:1:36.28,318
'0:1:36.3,318
'0:1:36.32,318
'0:1:36.34,319
'0:1:36.36,319
'0:1:36.38,321
'0:1:36.4,322
'0:1:36.42,321
'0:1:36.44,320
'0:1:36.46,319
'0:1:36.48,322
'0:1:36.5,334
'0:1:36.52,353
'0:1:36.54,374
'0:1:36.56,388
'0:1:36.58,394
'0:1:36.6,391
'0:1:36.62,382
'0:1:36.64,371
'0:1:36.66,359
'0:1:36.68,350
'0:1:36.7,342
'0:1:36.72,335
'0:1:36.74,332
'0:1:36.76,330
'0:1:36.78,326
'0:1:36.8,328
'0:1:36.82,331
'0:1:36.84,334
'0:1:36.86,334
'0:1:36.88,335
'0:1:36.9,334
'0:1:36.92,331
'0:1:36.94,327
'0:1:36.96,324
'0:1:36.98,322
'0:1:37.0,318
'0:1:37.02,318
'0:1:37.04,319
'0:1:37.06,318
'0:1:37.08,319
'0:1:37.1,319
'0:1:37.12,320
'0:1:37.14,322
'0:1:37.16,321
'0:1:37.18,321
'0:1:37.2,321
'0:1:37.22,320
'0:1:37.24,320
'0:1:37.26,319
'0:1:37.28,320
'0:1:37.3,320
'0:1:37.32,321
'0:1:37.34,322
'0:1:37.36,320
'0:1:37.38,321
'0:1:37.4,327
'0:1:37.42,344
'0:1:37.44,367
'0:1:37.46,385
'0:1:37.48,395
'0:1:37.5,395
'0:1:37.52,388
'0:1:37.54,377
'0:1:37.56,365
'0:1:37.58,355
'0:1:37.6,345
'0:1:37.62,339
'0:1:37.64,335
'0:1:37.66,333
'0:1:37.68,331
'0:1:37.7,330
'0:1:37.72,332
'0:1:37.74,334
'0:1:37.76,335
'0:1:37.78,334
'0:1:37.8,335
'0:1:37.82,336
'0:1:37.84,334
'0:1:37.86,331
'0:1:37.88,328
'0:1:37.9,325
'0:1:37.92,322
'0:1:37.94,319
'0:1:37.96,318
'0:1:37.98,319
'0:1:38.0,319
'0:1:38.02,320
'0:1:38.04,321
'0:1:38.06,321
'0:1:38.08,323
'0:1:38.1,323
'0:1:38.12,324
'0:1:38.14,324
'0:1:38.16,324
'0:1:38.18,325
'0:1:38.2,323
'0:1:38.22,323
'0:1:38.24,323
'0:1:38.26,322
'0:1:38.28,321
'0:1:38.3,325
'0:1:38.32,340
'0:1:38.34,361
'0:1:38.36,379
'0:1:38.38,390
'0:1:38.4,390
'0:1:38.42,383
'0:1:38.44,373
'0:1:38.46,362
'0:1:38.48,352
'0:1:38.5,343
'0:1:38.52,337
'0:1:38.54,332
'0:1:38.56,329
'0:1:38.58,327
'0:1:38.6,326
'0:1:38.62,328
'0:1:38.64,331
'0:1:38.66,334
'0:1:38.68,336
'0:1:38.7,335
'0:1:38.72,334
'0:1:38.74,331
'0:1:38.76,328
'0:1:38.78,323
'0:1:38.8,321
'0:1:38.82,321
'0:1:38.84,318
'0:1:38.86,317
'0:1:38.88,317
'0:1:38.9,317
'0:1:38.92,317
'0:1:38.94,317
'0:1:38.96,319
'0:1:38.98,321
'0:1:39.0,321
'0:1:39.02,321
'0:1:39.04,322
'0:1:39.06,322
'0:1:39.08,322
'0:1:39.1,321
'0:1:39.12,321
'0:1:39.14,319
'0:1:39.16,321
'0:1:39.18,330
'0:1:39.2,349
'0:1:39.22,370
'0:1:39.24,385
'0:1:39.26,392
'0:1:39.28,391
'0:1:39.3,382
'0:1:39.32,372
'0:1:39.34,361
'0:1:39.36,351
'0:1:39.38,344
'0:1:39.4,338
'0:1:39.42,335
'0:1:39.44,331
'0:1:39.46,330
'0:1:39.48,329
'0:1:39.5,330
'0:1:39.52,332
'0:1:39.54,333
'0:1:39.56,333
'0:1:39.58,333
'0:1:39.6,333
'0:1:39.62,331
'0:1:39.64,328
'0:1:39.66,325
'0:1:39.68,322
'0:1:39.7,319
'0:1:39.72,319
'0:1:39.74,317
'0:1:39.76,316
'0:1:39.78,312
'0:1:39.8,313
'0:1:39.82,317
'0:1:39.84,318
'0:1:39.86,320
'0:1:39.88,320
'0:1:39.9,321
'0:1:39.92,321
'0:1:39.94,319
'0:1:39.96,319
'0:1:39.98,319
'0:1:40.0,318
'0:1:40.02,317
'0:1:40.04,316
'0:1:40.06,320
'0:1:40.08,333
'0:1:40.1,353
'0:1:40.12,375
'0:1:40.14,388
'0:1:40.16,392
'0:1:40.18,387
'0:1:40.2,378
'0:1:40.22,369
'0:1:40.24,358
'0:1:40.26,350
'0:1:40.28,343
'0:1:40.3,338
'0:1:40.32,335
'0:1:40.34,332
'0:1:40.36,330
'0:1:40.38,328
'0:1:40.4,328
'0:1:40.42,328
'0:1:40.44,329
'0:1:40.46,330
'0:1:40.48,328
'0:1:40.5,327
'0:1:40.52,325
'0:1:40.54,322
'0:1:40.56,321
'0:1:40.58,317
'0:1:40.6,315
'0:1:40.62,314
'0:1:40.64,313
'0:1:40.66,313
'0:1:40.68,312
'0:1:40.7,313
'0:1:40.72,315
'0:1:40.74,316
'0:1:40.76,318
'0:1:40.78,315
'0:1:40.8,316
'0:1:40.82,318
'0:1:40.84,316
'0:1:40.86,318
'0:1:40.88,318
'0:1:40.9,318
'0:1:40.92,316
'0:1:40.94,313
'0:1:40.96,313
'0:1:40.98,317
'0:1:41.0,330
'0:1:41.02,350
'0:1:41.04,370
'0:1:41.06,386
'0:1:41.08,390
'0:1:41.1,388
'0:1:41.12,381
'0:1:41.14,371
'0:1:41.16,362
'0:1:41.18,353
'0:1:41.2,348
'0:1:41.22,343
'0:1:41.24,338
'0:1:41.26,335
'0:1:41.28,330
'0:1:41.3,329
'0:1:41.32,328
'0:1:41.34,329
'0:1:41.36,332
'0:1:41.38,334
'0:1:41.4,335
'0:1:41.42,333
'0:1:41.44,331
'0:1:41.46,330
'0:1:41.48,326
'0:1:41.5,325
'0:1:41.52,322
'0:1:41.54,320
'0:1:41.56,321
'0:1:41.58,322
'0:1:41.6,324
'0:1:41.62,324
'0:1:41.64,325
'0:1:41.66,327
'0:1:41.68,327
'0:1:41.7,328
'0:1:41.72,329
'0:1:41.74,331
'0:1:41.76,335
'0:1:41.78,334
'0:1:41.8,337
'0:1:41.82,339
'0:1:41.84,340
'0:1:41.86,341
'0:1:41.88,340
'0:1:41.9,341
'0:1:41.92,340
'0:1:41.94,343
'0:1:41.96,356
'0:1:41.98,375
'0:1:42.0,394
'0:1:42.02,406
'0:1:42.04,408
'0:1:42.06,403
'0:1:42.08,392
'0:1:42.1,382
'0:1:42.12,369
'0:1:42.14,362
'0:1:42.16,356
'0:1:42.18,350
'0:1:42.2,344
'0:1:42.22,339
'0:1:42.24,334
'0:1:42.26,333
'0:1:42.28,331
'0:1:42.3,332
'0:1:42.32,331
'0:1:42.34,330
'0:1:42.36,330
'0:1:42.38,327
'0:1:42.4,324
'0:1:42.42,320
'0:1:42.44,315
'0:1:42.46,312
'0:1:42.48,308
'0:1:42.5,306
'0:1:42.52,304
'0:1:42.54,303
'0:1:42.56,304
'0:1:42.58,305
'0:1:42.6,308
'0:1:42.62,310
'0:1:42.64,312
'0:1:42.66,313
'0:1:42.68,315
'0:1:42.7,317
'0:1:42.72,316
'0:1:42.74,316
'0:1:42.76,317
'0:1:42.78,315
'0:1:42.8,318
'0:1:42.82,316
'0:1:42.84,316
'0:1:42.86,318
'0:1:42.88,320
'0:1:42.9,328
'0:1:42.92,345
'0:1:42.94,369
'0:1:42.96,385
'0:1:42.98,389
'0:1:43.0,388
'0:1:43.02,378
'0:1:43.04,367
'0:1:43.06,356
'0:1:43.08,347
'0:1:43.1,342
'0:1:43.12,336
'0:1:43.14,334
'0:1:43.16,333
'0:1:43.18,331
'0:1:43.2,331
'0:1:43.22,330
'0:1:43.24,331
'0:1:43.26,333
'0:1:43.28,333
'0:1:43.3,333
'0:1:43.32,331
'0:1:43.34,330
'0:1:43.36,327
'0:1:43.38,323
'0:1:43.4,319
'0:1:43.42,317
'0:1:43.44,316
'0:1:43.46,315
'0:1:43.48,314
'0:1:43.5,315
'0:1:43.52,314
'0:1:43.54,316
'0:1:43.56,318
'0:1:43.58,318
'0:1:43.6,319
'0:1:43.62,318
'0:1:43.64,318
'0:1:43.66,318
'0:1:43.68,316
'0:1:43.7,315
'0:1:43.72,313
'0:1:43.74,313
'0:1:43.76,314
'0:1:43.78,311
'0:1:43.8,312
'0:1:43.82,313
'0:1:43.84,316
'0:1:43.86,324
'0:1:43.88,340
'0:1:43.9,363
'0:1:43.92,382
'0:1:43.94,393
'0:1:43.96,396
'0:1:43.98,390
'0:1:44.0,381
'0:1:44.02,369
'0:1:44.04,358
'0:1:44.06,351
'0:1:44.08,346
'0:1:44.1,343
'0:1:44.12,341
'0:1:44.14,339
'0:1:44.16,337
'0:1:44.18,335
'0:1:44.2,337
'0:1:44.22,337
'0:1:44.24,337
'0:1:44.26,337
'0:1:44.28,333
'0:1:44.3,330
'0:1:44.32,326
'0:1:44.34,323
'0:1:44.36,320
'0:1:44.38,316
'0:1:44.4,314
'0:1:44.42,312
'0:1:44.44,311
'0:1:44.46,311
'0:1:44.48,312
'0:1:44.5,315
'0:1:44.52,316
'0:1:44.54,316
'0:1:44.56,315
'0:1:44.58,313
'0:1:44.6,313
'0:1:44.62,311
'0:1:44.64,310
'0:1:44.66,310
'0:1:44.68,307
'0:1:44.7,307
'0:1:44.72,306
'0:1:44.74,305
'0:1:44.76,305
'0:1:44.78,302
'0:1:44.8,305
'0:1:44.82,315
'0:1:44.84,336
'0:1:44.86,357
'0:1:44.88,370
'0:1:44.9,375
'0:1:44.92,371
'0:1:44.94,363
'0:1:44.96,352
'0:1:44.98,339
'0:1:45.0,330
'0:1:45.02,322
'0:1:45.04,318
'0:1:45.06,317
'0:1:45.08,314
'0:1:45.1,312
'0:1:45.12,311
'0:1:45.14,312
'0:1:45.16,314
'0:1:45.18,316
'0:1:45.2,316
'0:1:45.22,315
'0:1:45.24,314
'0:1:45.26,312
'0:1:45.28,309
'0:1:45.3,306
'0:1:45.32,304
'0:1:45.34,304
'0:1:45.36,304
'0:1:45.38,305
'0:1:45.4,306
'0:1:45.42,307
'0:1:45.44,309
'0:1:45.46,310
'0:1:45.48,314
'0:1:45.5,317
'0:1:45.52,316
'0:1:45.54,319
'0:1:45.56,319
'0:1:45.58,320
'0:1:45.6,322
'0:1:45.62,324
'0:1:45.64,324
'0:1:45.66,324
'0:1:45.68,322
'0:1:45.7,321
'0:1:45.72,320
'0:1:45.74,321
'0:1:45.76,321
'0:1:45.78,323
'0:1:45.8,339
'0:1:45.82,358
'0:1:45.84,377
'0:1:45.86,386
'0:1:45.88,385
'0:1:45.9,379
'0:1:45.92,370
'0:1:45.94,360
'0:1:45.96,348
'0:1:45.98,341
'0:1:46.0,336
'0:1:46.02,332
'0:1:46.04,331
'0:1:46.06,329
'0:1:46.08,326
'0:1:46.1,325
'0:1:46.12,326
'0:1:46.14,330
'0:1:46.16,332
'0:1:46.18,332
'0:1:46.2,331
'0:1:46.22,327
'0:1:46.24,325
'0:1:46.26,319
'0:1:46.28,314
'0:1:46.3,314
'0:1:46.32,311
'0:1:46.34,311
'0:1:46.36,311
'0:1:46.38,309
'0:1:46.4,309
'0:1:46.42,309
'0:1:46.44,312
'0:1:46.46,312
'0:1:46.48,311
'0:1:46.5,312
'0:1:46.52,313
'0:1:46.54,317
'0:1:46.56,319
'0:1:46.58,320
'0:1:46.6,324
'0:1:46.62,325
'0:1:46.64,319
'0:1:46.66,315
'0:1:46.68,312
'0:1:46.7,313
'0:1:46.72,319
'0:1:46.74,335
'0:1:46.76,355
'0:1:46.78,370
'0:1:46.8,384
'0:1:46.82,388
'0:1:46.84,386
'0:1:46.86,381
'0:1:46.88,372
'0:1:46.9,361
'0:1:46.92,351
'0:1:46.94,344
'0:1:46.96,337
'0:1:46.98,331
'0:1:47.0,327
'0:1:47.02,323
'0:1:47.04,320
'0:1:47.06,323
'0:1:47.08,326
'0:1:47.1,330
'0:1:47.12,331
'0:1:47.14,333
'0:1:47.16,332
'0:1:47.18,329
'0:1:47.2,327
'0:1:47.22,324
'0:1:47.24,322
'0:1:47.26,327
'0:1:47.28,327
'0:1:47.3,328
'0:1:47.32,328
'0:1:47.34,330
'0:1:47.36,332
'0:1:47.38,335
'0:1:47.4,338
'0:1:47.42,341
'0:1:47.44,345
'0:1:47.46,348
'0:1:47.48,348
'0:1:47.5,348
'0:1:47.52,347
'0:1:47.54,346
'0:1:47.56,344
'0:1:47.58,342
'0:1:47.6,339
'0:1:47.62,334
'0:1:47.64,332
'0:1:47.66,330
'0:1:47.68,337
'0:1:47.7,354
'0:1:47.72,370
'0:1:47.74,380
'0:1:47.76,383
'0:1:47.78,376
'0:1:47.8,369
'0:1:47.82,360
'0:1:47.84,351
'0:1:47.86,342
'0:1:47.88,335
'0:1:47.9,331
'0:1:47.92,328
'0:1:47.94,327
'0:1:47.96,326
'0:1:47.98,325
'0:1:48.0,323
'0:1:48.02,322
'0:1:48.04,321
'0:1:48.06,320
'0:1:48.08,320
'0:1:48.1,320
'0:1:48.12,318
'0:1:48.14,315
'0:1:48.16,312
'0:1:48.18,308
'0:1:48.2,307
'0:1:48.22,305
'0:1:48.24,306
'0:1:48.26,307
'0:1:48.28,308
'0:1:48.3,308
'0:1:48.32,307
'0:1:48.34,308
'0:1:48.36,307
'0:1:48.38,307
'0:1:48.4,309
'0:1:48.42,310
'0:1:48.44,313
'0:1:48.46,315
'0:1:48.48,314
'0:1:48.5,315
'0:1:48.52,313
'0:1:48.54,314
'0:1:48.56,315
'0:1:48.58,316
'0:1:48.6,319
'0:1:48.62,329
'0:1:48.64,349
'0:1:48.66,372
'0:1:48.68,390
'0:1:48.7,399
'0:1:48.72,398
'0:1:48.74,391
'0:1:48.76,380
'0:1:48.78,365
'0:1:48.8,357
'0:1:48.82,350
'0:1:48.84,346
'0:1:48.86,343
'0:1:48.88,339
'0:1:48.9,336
'0:1:48.92,334
'0:1:48.94,335
'0:1:48.96,335
'0:1:48.98,334
'0:1:49.0,335
'0:1:49.02,332
'0:1:49.04,330
'0:1:49.06,327
'0:1:49.08,323
'0:1:49.1,320
'0:1:49.12,318
'0:1:49.14,316
'0:1:49.16,315
'0:1:49.18,313
'0:1:49.2,312
'0:1:49.22,312
'0:1:49.24,312
'0:1:49.26,314
'0:1:49.28,315
'0:1:49.3,316
'0:1:49.32,317
'0:1:49.34,318
'0:1:49.36,318
'0:1:49.38,318
'0:1:49.4,319
'0:1:49.42,317
'0:1:49.44,316
'0:1:49.46,315
'0:1:49.48,314
'0:1:49.5,314
'0:1:49.52,313
'0:1:49.54,314
'0:1:49.56,320
'0:1:49.58,333
'0:1:49.6,355
'0:1:49.62,374
'0:1:49.64,385
'0:1:49.66,386
'0:1:49.68,380
'0:1:49.7,371
'0:1:49.72,360
'0:1:49.74,350
'0:1:49.76,341
'0:1:49.78,331
'0:1:49.8,326
'0:1:49.82,325
'0:1:49.84,324
'0:1:49.86,325
'0:1:49.88,327
'0:1:49.9,330
'0:1:49.92,332
'0:1:49.94,334
'0:1:49.96,334
'0:1:49.98,332
'0:1:50.0,331
'0:1:50.02,328
'0:1:50.04,325
'0:1:50.06,321
'0:1:50.08,316
'0:1:50.1,313
'0:1:50.12,308
'0:1:50.14,305
'0:1:50.16,303
'0:1:50.18,302
'0:1:50.2,304
'0:1:50.22,304
'0:1:50.24,304
'0:1:50.26,304
'0:1:50.28,303
'0:1:50.3,304
'0:1:50.32,304
'0:1:50.34,306
'0:1:50.36,306
'0:1:50.38,308
'0:1:50.4,309
'0:1:50.42,308
'0:1:50.44,308
'0:1:50.46,307
'0:1:50.48,308
'0:1:50.5,318
'0:1:50.52,335
'0:1:50.54,357
'0:1:50.56,374
'0:1:50.58,383
'0:1:50.6,384
'0:1:50.62,377
'0:1:50.64,367
'0:1:50.66,355
'0:1:50.68,343
'0:1:50.7,335
'0:1:50.72,328
'0:1:50.74,325
'0:1:50.76,323
'0:1:50.78,320
'0:1:50.8,322
'0:1:50.82,325
'0:1:50.84,330
'0:1:50.86,333
'0:1:50.88,334
'0:1:50.9,335
'0:1:50.92,333
'0:1:50.94,331
'0:1:50.96,328
'0:1:50.98,324
'0:1:51.0,321
'0:1:51.02,316
'0:1:51.04,312
'0:1:51.06,310
'0:1:51.08,309
'0:1:51.1,312
'0:1:51.12,312
'0:1:51.14,315
'0:1:51.16,319
'0:1:51.18,321
'0:1:51.2,322
'0:1:51.22,323
'0:1:51.24,326
'0:1:51.26,328
'0:1:51.28,328
'0:1:51.3,328
'0:1:51.32,328
'0:1:51.34,329
'0:1:51.36,327
'0:1:51.38,327
'0:1:51.4,328
'0:1:51.42,332
'0:1:51.44,345
'0:1:51.46,367
'0:1:51.48,389
'0:1:51.5,405
'0:1:51.52,408
'0:1:51.54,406
'0:1:51.56,398
'0:1:51.58,390
'0:1:51.6,377
'0:1:51.62,370
'0:1:51.64,362
'0:1:51.66,354
'0:1:51.68,341
'0:1:51.7,333
'0:1:51.72,328
'0:1:51.74,329
'0:1:51.76,329
'0:1:51.78,334
'0:1:51.8,346
'0:1:51.82,355
'0:1:51.84,348
'0:1:51.86,345
'0:1:51.88,339
'0:1:51.9,333
'0:1:51.92,328
'0:1:51.94,331
'0:1:51.96,346
'0:1:51.98,341
'0:1:52.0,330
'0:1:52.02,329
'0:1:52.04,340
'0:1:52.06,341
'0:1:52.08,335
'0:1:52.1,333
'0:1:52.12,332
'0:1:52.14,332
'0:1:52.16,328
'0:1:52.18,328
'0:1:52.2,353
'0:1:52.22,358
'0:1:52.24,348
'0:1:52.26,343
'0:1:52.28,345
'0:1:52.3,327
'0:1:52.32,310
'0:1:52.34,308
'0:1:52.36,324
'0:1:52.38,370
'0:1:52.4,397
'0:1:52.42,396
'0:1:52.44,410
'0:1:52.46,422
'0:1:52.48,394
'0:1:52.5,374
'0:1:52.52,376
'0:1:52.54,360
'0:1:52.56,334
'0:1:52.58,323
'0:1:52.6,320
'0:1:52.62,319
'0:1:52.64,316
'0:1:52.66,315
'0:1:52.68,318
'0:1:52.7,322
'0:1:52.72,325
'0:1:52.74,328
'0:1:52.76,330
'0:1:52.78,327
'0:1:52.8,327
'0:1:52.82,325
'0:1:52.84,322
'0:1:52.86,319
'0:1:52.88,315
'0:1:52.9,313
'0:1:52.92,311
'0:1:52.94,312
'0:1:52.96,313
'0:1:52.98,315
'0:1:53.0,317
'0:1:53.02,318
'0:1:53.04,320
'0:1:53.06,319
'0:1:53.08,319
'0:1:53.1,318
'0:1:53.12,316
'0:1:53.14,316
'0:1:53.16,317
'0:1:53.18,316
'0:1:53.2,316
'0:1:53.22,315
'0:1:53.24,318
'0:1:53.26,326
'0:1:53.28,342
'0:1:53.3,362
'0:1:53.32,378
'0:1:53.34,386
'0:1:53.36,384
'0:1:53.38,377
'0:1:53.4,368
'0:1:53.42,361
'0:1:53.44,355
'0:1:53.46,351
'0:1:53.48,346
'0:1:53.5,343
'0:1:53.52,337
'0:1:53.54,334
'0:1:53.56,336
'0:1:53.58,335
'0:1:53.6,334
'0:1:53.62,333
'0:1:53.64,332
'0:1:53.66,331
'0:1:53.68,331
'0:1:53.7,331
'0:1:53.72,329
'0:1:53.74,329
'0:1:53.76,326
'0:1:53.78,320
'0:1:53.8,318
'0:1:53.82,315
'0:1:53.84,314
'0:1:53.86,313
'0:1:53.88,313
'0:1:53.9,315
'0:1:53.92,314
'0:1:53.94,317
'0:1:53.96,316
'0:1:53.98,318
'0:1:54.0,317
'0:1:54.02,315
'0:1:54.04,315
'0:1:54.06,315
'0:1:54.08,315
'0:1:54.1,315
'0:1:54.12,315
'0:1:54.14,316
'0:1:54.16,315
'0:1:54.18,318
'0:1:54.2,328
'0:1:54.22,346
'0:1:54.24,366
'0:1:54.26,379
'0:1:54.28,383
'0:1:54.3,379
'0:1:54.32,370
'0:1:54.34,361
'0:1:54.36,351
'0:1:54.38,343
'0:1:54.4,339
'0:1:54.42,336
'0:1:54.44,335
'0:1:54.46,334
'0:1:54.48,333
'0:1:54.5,334
'0:1:54.52,335
'0:1:54.54,337
'0:1:54.56,338
'0:1:54.58,338
'0:1:54.6,336
'0:1:54.62,333
'0:1:54.64,330
'0:1:54.66,326
'0:1:54.68,324
'0:1:54.7,324
'0:1:54.72,326
'0:1:54.74,324
'0:1:54.76,319
'0:1:54.78,316
'0:1:54.8,317
'0:1:54.82,318
'0:1:54.84,321
'0:1:54.86,321
'0:1:54.88,321
'0:1:54.9,321
'0:1:54.92,317
'0:1:54.94,319
'0:1:54.96,318
'0:1:54.98,319
'0:1:55.0,318
'0:1:55.02,317
'0:1:55.04,318
'0:1:55.06,319
'0:1:55.08,321
'0:1:55.1,319
'0:1:55.12,317
'0:1:55.14,320
'0:1:55.16,332
'0:1:55.18,352
'0:1:55.2,369
'0:1:55.22,378
'0:1:55.24,379
'0:1:55.26,374
'0:1:55.28,366
'0:1:55.3,357
'0:1:55.32,348
'0:1:55.34,343
'0:1:55.36,338
'0:1:55.38,335
'0:1:55.4,332
'0:1:55.42,327
'0:1:55.44,328
'0:1:55.46,329
'0:1:55.48,329
'0:1:55.5,329
'0:1:55.52,329
'0:1:55.54,330
'0:1:55.56,328
'0:1:55.58,327
'0:1:55.6,325
'0:1:55.62,322
'0:1:55.64,320
'0:1:55.66,319
'0:1:55.68,318
'0:1:55.7,315
'0:1:55.72,313
'0:1:55.74,315
'0:1:55.76,315
'0:1:55.78,312
'0:1:55.8,311
'0:1:55.82,312
'0:1:55.84,314
'0:1:55.86,316
'0:1:55.88,317
'0:1:55.9,316
'0:1:55.92,316
'0:1:55.94,316
'0:1:55.96,317
'0:1:55.98,325
'0:1:56.0,339
'0:1:56.02,357
'0:1:56.04,371
'0:1:56.06,377
'0:1:56.08,375
'0:1:56.1,368
'0:1:56.12,358
'0:1:56.14,349
'0:1:56.16,341
'0:1:56.18,336
'0:1:56.2,331
'0:1:56.22,329
'0:1:56.24,328
'0:1:56.26,326
'0:1:56.28,326
'0:1:56.3,326
'0:1:56.32,326
'0:1:56.34,329
'0:1:56.36,329
'0:1:56.38,329
'0:1:56.4,327
'0:1:56.42,324
'0:1:56.44,322
'0:1:56.46,320
'0:1:56.48,318
'0:1:56.5,316
'0:1:56.52,316
'0:1:56.54,317
'0:1:56.56,315
'0:1:56.58,317
'0:1:56.6,319
'0:1:56.62,318
'0:1:56.64,318
'0:1:56.66,317
'0:1:56.68,318
'0:1:56.7,319
'0:1:56.72,319
'0:1:56.74,319
'0:1:56.76,318
'0:1:56.78,316
'0:1:56.8,322
'0:1:56.82,338
'0:1:56.84,358
'0:1:56.86,372
'0:1:56.88,379
'0:1:56.9,376
'0:1:56.92,368
'0:1:56.94,359
'0:1:56.96,349
'0:1:56.98,341
'0:1:57.0,335
'0:1:57.02,331
'0:1:57.04,330
'0:1:57.06,329
'0:1:57.08,329
'0:1:57.1,329
'0:1:57.12,330
'0:1:57.14,332
'0:1:57.16,332
'0:1:57.18,333
'0:1:57.2,330
'0:1:57.22,328
'0:1:57.24,327
'0:1:57.26,323
'0:1:57.28,321
'0:1:57.3,320
'0:1:57.32,319
'0:1:57.34,319
'0:1:57.36,317
'0:1:57.38,317
'0:1:57.4,319
'0:1:57.42,318
'0:1:57.44,320
'0:1:57.46,319
'0:1:57.48,317
'0:1:57.5,317
'0:1:57.52,318
'0:1:57.54,318
'0:1:57.56,317
'0:1:57.58,318
'0:1:57.6,318
'0:1:57.62,319
'0:1:57.64,320
'0:1:57.66,320
'0:1:57.68,321
'0:1:57.7,321
'0:1:57.72,322
'0:1:57.74,331
'0:1:57.76,346
'0:1:57.78,361
'0:1:57.8,375
'0:1:57.82,381
'0:1:57.84,380
'0:1:57.86,371
'0:1:57.88,360
'0:1:57.9,349
'0:1:57.92,339
'0:1:57.94,334
'0:1:57.96,331
'0:1:57.98,331
'0:1:58.0,330
'0:1:58.02,330
'0:1:58.04,333
'0:1:58.06,334
'0:1:58.08,336
'0:1:58.1,337
'0:1:58.12,335
'0:1:58.14,334
'0:1:58.16,331
'0:1:58.18,329
'0:1:58.2,326
'0:1:58.22,323
'0:1:58.24,321
'0:1:58.26,317
'0:1:58.28,315
'0:1:58.3,313
'0:1:58.32,314
'0:1:58.34,315
'0:1:58.36,316
'0:1:58.38,319
'0:1:58.4,321
'0:1:58.42,323
'0:1:58.44,325
'0:1:58.46,326
'0:1:58.48,328
'0:1:58.5,329
'0:1:58.52,330
'0:1:58.54,333
'0:1:58.56,334
'0:1:58.58,336
'0:1:58.6,336
'0:1:58.62,334
'0:1:58.64,333
'0:1:58.66,331
'0:1:58.68,333
'0:1:58.7,341
'0:1:58.72,357
'0:1:58.74,375
'0:1:58.76,386
'0:1:58.78,391
'0:1:58.8,388
'0:1:58.82,380
'0:1:58.84,371
'0:1:58.86,361
'0:1:58.88,352
'0:1:58.9,345
'0:1:58.92,341
'0:1:58.94,339
'0:1:58.96,335
'0:1:58.98,333
'0:1:59.0,332
'0:1:59.02,334
'0:1:59.04,337
'0:1:59.06,336
'0:1:59.08,336
'0:1:59.1,333
'0:1:59.12,331
'0:1:59.14,328
'0:1:59.16,326
'0:1:59.18,324
'0:1:59.2,323
'0:1:59.22,321
'0:1:59.24,321
'0:1:59.26,320
'0:1:59.28,320
'0:1:59.3,318
'0:1:59.32,316
'0:1:59.34,316
'0:1:59.36,315
'0:1:59.38,314
'0:1:59.4,314
'0:1:59.42,314
'0:1:59.44,315
'0:1:59.46,313
'0:1:59.48,314
'0:1:59.5,314
'0:1:59.52,314
'0:1:59.54,314
'0:1:59.56,313
'0:1:59.58,313
'0:1:59.6,312
'0:1:59.62,311
'0:1:59.64,312
'0:1:59.66,314
'0:1:59.68,325
'0:1:59.7,343
'0:1:59.72,364
'0:1:59.74,379
'0:1:59.76,382
'0:1:59.78,375
'0:1:59.8,368
'0:1:59.82,359
'0:1:59.84,349
'0:1:59.86,341
'0:1:59.88,337
'0:1:59.9,334
'0:1:59.92,332
'0:1:59.94,331
'0:1:59.96,331
'0:1:59.98,332
'0:1:60.0,334

sys info:[91~54~52~93~44~91~34~56~126~49~126~49~126~50~126~35~54~98~49~97~54~98~126~76~101~102~116~126~49~48~50~51~126~48~126~89~101~115~34~93~44~91~34~82~97~116~101~34~93~44~91~54~93~44~91~34~82~101~115~101~114~118~101~34~93~44~91~34~78~111~110~101~34~93~44~91~34~84~111~116~97~108~95~115~97~109~112~108~101~115~34~93~44~91~54~48~48~49~93~44~91~34~69~120~112~32~73~68~34~93~44~91~34~50~48~50~53~45~48~51~45~50~53~32~49~54~58~52~57~58~49~51~46~53~57~53~48~48~48~34~93]

Attention! Any change in the file may prevent NeuLog from reading its data.
